name,age,gender,city_tier,employment_type,monthly_income,existing_emi,dti,cibil_score,gold_weight_grams,gold_purity_karat,gold_value_estimated,ltv_ratio,loan_amount_requested,tenure_months,loan_status,approved_amount,interest_rate
Suresh Verma,59.0,Male,Urban,Salaried,13943.0,2273.0,0.163,705.0,158.46,22.0,798902.0,0.78,623144.0,6.0,1.0,,10.84
Rohan Verma,49.0,Male,Metro,Salaried,33513.0,2615.0,0.078,733.0,26.83,22.0,135268.0,0.76,102804.0,6.0,1.0,,10.63
Shruti Reddy,,Female,,Farmer,20217.0,2017.0,0.1,707.0,74.41,,375150.0,0.8,300120.0,12.0,1.0,257144.0,10.75
Vivek Khan,63.0,Male,Metro,Business Owner,36743.0,7881.0,0.214,743.0,195.72,18.0,807345.0,0.79,637803.0,6.0,1.0,538431.0,10.88
Vivek Patel,28.0,Female,Urban,Business Owner,37832.0,85.0,0.002,582.0,159.83,22.0,805810.0,0.61,491544.0,6.0,1.0,412316.0,11.46
,41.0,Female,Metro,,37792.0,5559.0,0.147,687.0,101.96,24.0,560780.0,0.7,392546.0,12.0,1.0,328351.0,11.21
Suresh Gupta,59.0,Female,Metro,Business Owner,29239.0,4376.0,0.15,639.0,71.26,24.0,391930.0,0.83,,12.0,1.0,277938.0,10.67
Yash Verma,39.0,Female,Urban,Salaried,62582.0,6206.0,0.099,718.0,175.07,20.0,802404.0,0.63,505515.0,9.0,1.0,407825.0,11.66
Shruti Khan,43.0,Female,Urban,Business Owner,19784.0,1172.0,0.059,717.0,111.25,22.0,560885.0,0.78,437490.0,9.0,1.0,376538.0,
,31.0,Male,Metro,Self-Employed,19050.0,1118.0,0.059,693.0,152.89,,840895.0,0.84,706352.0,6.0,1.0,617193.0,10.49
Sarthak Sharma,31.0,Male,Rural,Farmer,54860.0,12120.0,0.221,731.0,152.05,18.0,627206.0,0.61,382596.0,9.0,1.0,319918.0,11.48
Vivek Jain,44.0,Female,Metro,Business Owner,26549.0,2934.0,0.111,760.0,8.5,22.0,42854.0,0.77,32998.0,9.0,1.0,28956.0,10.67
Rohan Reddy,56.0,Female,Metro,Farmer,23664.0,1958.0,0.083,696.0,29.62,24.0,162910.0,0.72,117295.0,9.0,1.0,103021.0,10.81
Kabir Patel,60.0,Male,Rural,Self-Employed,62635.0,7027.0,0.112,637.0,133.63,22.0,673718.0,0.74,498551.0,24.0,1.0,409883.0,11.2
Rahul Kapoor,44.0,Male,Urban,Self-Employed,46829.0,7837.0,0.167,605.0,36.52,18.0,150645.0,0.62,93400.0,3.0,0.0,0.0,
Kiran Khan,23.0,Female,Metro,Business Owner,27866.0,1015.0,0.036,702.0,54.82,22.0,276384.0,0.61,168594.0,12.0,1.0,140795.0,11.49
Meera Verma,42.0,Male,Urban,Salaried,37610.0,4226.0,,715.0,189.59,24.0,1042745.0,0.77,802914.0,6.0,1.0,692680.0,10.79
Kabir Yadav,22.0,Female,Urban,Business Owner,58350.0,8576.0,0.147,642.0,114.24,22.0,575960.0,0.81,466528.0,12.0,1.0,364202.0,11.32
Ritika Khan,44.0,Male,Urban,Farmer,43299.0,10268.0,0.237,744.0,151.39,20.0,693871.0,0.8,555097.0,12.0,1.0,480026.0,
Mohit Yadav,64.0,Female,Metro,Salaried,50434.0,3184.0,0.063,672.0,113.81,22.0,573792.0,0.74,424606.0,18.0,1.0,356406.0,11.06
Sana Sharma,50.0,Male,Metro,Farmer,44658.0,4011.0,0.09,601.0,112.74,22.0,568398.0,0.62,352407.0,3.0,1.0,282440.0,11.73
Anjali Yadav,58.0,Female,Urban,Self-Employed,46163.0,4378.0,0.095,775.0,23.36,22.0,117773.0,0.77,90685.0,9.0,1.0,72466.0,11.3
Yash Sharma,22.0,Male,Rural,Farmer,35477.0,5371.0,0.151,769.0,72.01,22.0,363050.0,0.66,239613.0,9.0,1.0,,11.23
Ravi Sharma,41.0,Male,Urban,Farmer,35136.0,3134.0,0.089,579.0,60.07,18.0,247789.0,0.83,205665.0,12.0,1.0,162709.0,
Kunal Yadav,53.0,Female,Metro,Salaried,38205.0,5096.0,0.133,666.0,81.19,24.0,446545.0,0.81,361701.0,9.0,1.0,297056.0,11.0
Rohan Singh,32.0,Male,Urban,Self-Employed,43813.0,8563.0,0.195,664.0,160.68,18.0,662805.0,0.78,516988.0,,0.0,0.0,
Kabir Sharma,42.0,Female,Urban,Business Owner,31600.0,5573.0,0.176,798.0,77.53,22.0,390880.0,0.84,328339.0,9.0,0.0,0.0,
Kiran Singh,64.0,Male,Metro,,36465.0,4069.0,0.112,694.0,93.08,18.0,383955.0,0.61,234213.0,6.0,1.0,186631.0,11.8
Vivek Jain,45.0,Female,Metro,Self-Employed,31276.0,6757.0,,610.0,82.49,22.0,415887.0,0.78,324392.0,9.0,1.0,267228.0,
Kiran Singh,47.0,Male,Urban,Salaried,36388.0,5077.0,0.14,753.0,23.21,22.0,117017.0,0.68,79572.0,,1.0,65974.0,11.33
Sana Patel,62.0,,Urban,Self-Employed,19988.0,2698.0,0.135,626.0,91.01,22.0,458842.0,0.83,380839.0,24.0,1.0,315315.0,10.89
Kabir Reddy,48.0,Male,Metro,Self-Employed,66272.0,566.0,0.009,684.0,43.14,,197725.0,0.67,132476.0,12.0,1.0,114230.0,11.09
Sana Jain,36.0,Female,Metro,Self-Employed,26205.0,6464.0,0.247,654.0,41.41,22.0,208775.0,0.78,162844.0,24.0,1.0,,11.13
Rohan Sharma,35.0,Male,Metro,Salaried,30662.0,943.0,0.031,666.0,,18.0,,0.82,78948.0,6.0,,0.0,
Sarthak Yadav,64.0,Female,Metro,Farmer,25169.0,1454.0,0.058,756.0,74.55,22.0,375856.0,0.61,229272.0,18.0,1.0,,11.29
Rahul Singh,23.0,Female,Rural,Salaried,,,0.013,791.0,152.71,,839905.0,0.7,587934.0,18.0,1.0,518352.0,10.85
Kabir Singh,57.0,Female,Rural,Salaried,32648.0,5224.0,0.16,624.0,58.91,22.0,297005.0,0.79,234634.0,12.0,1.0,191792.0,11.09
Kiran Reddy,27.0,Male,Metro,Salaried,23434.0,1316.0,0.056,738.0,65.91,22.0,332296.0,0.71,235930.0,12.0,1.0,198110.0,11.15
Meera Gupta,41.0,Female,Rural,Salaried,42883.0,1930.0,0.045,656.0,130.32,22.0,,0.67,440210.0,6.0,1.0,368173.0,11.3
Sana Khan,29.0,Male,Urban,Self-Employed,44500.0,985.0,0.022,658.0,43.19,18.0,178159.0,0.65,115803.0,18.0,1.0,93391.0,11.6
Priya Yadav,59.0,Female,Urban,Self-Employed,34197.0,883.0,0.026,729.0,179.91,22.0,907046.0,0.63,571439.0,9.0,1.0,508230.0,10.99
Kabir Patel,38.0,Male,Urban,Farmer,,3952.0,0.146,638.0,106.44,22.0,536635.0,0.81,434674.0,3.0,1.0,367413.0,10.81
Amit Jain,24.0,Female,Metro,Salaried,,10546.0,0.172,728.0,92.28,22.0,465245.0,0.74,,6.0,,277168.0,11.34
Mohit Reddy,45.0,Male,Metro,Business Owner,39081.0,3882.0,0.099,744.0,113.77,20.0,521446.0,0.62,323297.0,24.0,1.0,259070.0,11.73
Yash Yadav,34.0,Male,,Farmer,19711.0,2365.0,0.12,674.0,37.38,24.0,205590.0,0.7,143913.0,18.0,1.0,120633.0,11.19
,29.0,Female,Urban,Self-Employed,51968.0,8912.0,0.171,780.0,124.63,22.0,628343.0,0.69,433557.0,24.0,1.0,365099.0,11.19
Aaditya Patel,46.0,Male,Metro,Business Owner,24731.0,107.0,0.004,624.0,75.8,24.0,416900.0,0.65,270985.0,12.0,0.0,0.0,
Sana Gupta,22.0,Male,Rural,Business Owner,67903.0,5485.0,0.081,781.0,179.95,22.0,907248.0,0.71,644146.0,6.0,1.0,565890.0,10.84
Sana Patel,40.0,Female,Urban,Salaried,35956.0,8747.0,0.243,583.0,37.93,22.0,191230.0,0.68,130036.0,6.0,1.0,104409.0,11.54
Ravi Verma,48.0,Male,Metro,Salaried,47160.0,6840.0,0.145,862.0,103.87,20.0,476071.0,0.69,328489.0,6.0,1.0,286543.0,10.95
Aaditya Patel,27.0,Male,Rural,Business Owner,,638.0,0.064,676.0,121.63,20.0,557471.0,0.78,434827.0,3.0,,376961.0,10.72
Meera Verma,64.0,Male,Rural,Farmer,19590.0,2555.0,0.13,630.0,11.51,24.0,63305.0,0.66,41781.0,9.0,1.0,33123.0,11.68
Ravi Jain,28.0,Female,Rural,Salaried,51006.0,4369.0,,686.0,75.92,20.0,347967.0,0.76,264455.0,6.0,1.0,220202.0,11.06
Meera Singh,55.0,Male,Metro,Farmer,38814.0,5165.0,0.133,,,24.0,813230.0,0.74,601790.0,9.0,1.0,492549.0,11.23
Kunal Kapoor,34.0,Female,Urban,Business Owner,59509.0,1871.0,0.031,,164.97,22.0,831724.0,0.74,615476.0,24.0,,547847.0,10.66
Sana Kapoor,37.0,Male,Urban,Farmer,40822.0,1354.0,0.033,782.0,66.07,20.0,302821.0,0.77,233172.0,9.0,1.0,187618.0,11.25
Shruti Yadav,56.0,Male,Urban,Farmer,36744.0,1319.0,0.036,640.0,160.73,18.0,663011.0,0.74,490628.0,18.0,1.0,371902.0,11.72
,60.0,Male,Rural,Business Owner,55563.0,13055.0,0.235,735.0,193.71,,,0.82,728027.0,12.0,1.0,610110.0,10.84
Yash Gupta,24.0,Female,Urban,Salaried,47122.0,8634.0,,608.0,172.09,24.0,946495.0,0.77,728801.0,6.0,1.0,619741.0,10.89
Kunal Sharma,22.0,Male,Rural,Salaried,32645.0,1325.0,0.041,762.0,27.94,22.0,140864.0,0.74,,9.0,1.0,91972.0,10.72
Sarthak Singh,26.0,Male,Rural,Self-Employed,21871.0,,0.047,725.0,149.25,22.0,752469.0,0.81,609500.0,3.0,1.0,509913.0,10.88
Meera Verma,62.0,Female,Rural,Business Owner,6541.0,1195.0,0.183,765.0,67.34,22.0,339506.0,0.75,254630.0,6.0,1.0,226033.0,10.65
Yash Singh,24.0,Male,Metro,Salaried,29748.0,1161.0,0.039,693.0,197.74,20.0,906308.0,0.67,607226.0,12.0,1.0,486528.0,11.58
Rohan Reddy,49.0,Female,Metro,Self-Employed,20764.0,1218.0,0.059,674.0,99.65,22.0,502402.0,0.65,326561.0,3.0,1.0,283249.0,11.11
Yash Patel,38.0,Female,Metro,Farmer,66172.0,15937.0,0.241,749.0,28.87,20.0,132321.0,0.64,84685.0,6.0,1.0,67480.0,11.71
Shruti Yadav,46.0,Male,Rural,Self-Employed,27196.0,1736.0,0.064,622.0,146.41,24.0,805255.0,,660309.0,9.0,1.0,548918.0,10.89
Ravi Yadav,64.0,Female,Metro,Farmer,26867.0,4444.0,0.165,595.0,67.99,22.0,342783.0,0.78,267371.0,24.0,1.0,,11.05
Rohan Khan,54.0,Male,Urban,Business Owner,16745.0,4097.0,0.245,700.0,199.43,22.0,1005460.0,,834532.0,12.0,,0.0,
Rahul Gupta,30.0,Female,Metro,Self-Employed,31804.0,2976.0,0.094,677.0,196.06,22.0,988469.0,0.75,741352.0,12.0,1.0,647689.0,10.76
Kunal Patel,56.0,Female,Urban,Self-Employed,27026.0,118.0,0.004,733.0,132.95,,670290.0,0.72,482609.0,6.0,1.0,409969.0,11.04
Kabir Kapoor,34.0,,Rural,Self-Employed,55853.0,3409.0,0.061,765.0,30.32,24.0,166760.0,0.61,101724.0,12.0,1.0,88406.0,
Neha Patel,,Female,Rural,Self-Employed,37022.0,7690.0,0.208,732.0,138.94,22.0,700489.0,0.77,539377.0,12.0,1.0,468901.0,10.74
Neha Kapoor,35.0,Female,Metro,Salaried,34894.0,7542.0,0.216,761.0,23.14,18.0,95452.0,0.75,71589.0,12.0,1.0,57634.0,11.31
Suresh Reddy,28.0,Female,Rural,Salaried,33384.0,6414.0,0.192,719.0,10.73,22.0,54097.0,0.85,45982.0,24.0,1.0,39965.0,10.5
Meera Sharma,34.0,Female,Urban,Self-Employed,44434.0,,0.028,730.0,165.48,20.0,758450.0,0.66,500577.0,6.0,1.0,441949.0,10.96
Neha Jain,43.0,Female,Metro,Salaried,29572.0,5881.0,0.199,,45.9,18.0,189338.0,0.73,138217.0,24.0,1.0,109497.0,11.47
Ritika Patel,60.0,Male,Urban,Salaried,43006.0,9877.0,0.23,728.0,78.91,24.0,434005.0,0.76,,24.0,1.0,290670.0,10.67
Mohit Reddy,,Female,Urban,Self-Employed,54368.0,8163.0,0.15,710.0,194.82,22.0,982218.0,0.76,746486.0,,1.0,594254.0,
Anjali Singh,36.0,Male,Metro,Self-Employed,40521.0,9531.0,0.235,720.0,70.68,24.0,388740.0,0.74,287668.0,9.0,1.0,245450.0,10.95
Ravi Jain,38.0,Female,Urban,Salaried,32003.0,6615.0,0.207,690.0,62.82,22.0,,0.79,250207.0,24.0,1.0,200208.0,11.23
Ritika Sharma,44.0,Male,Metro,Farmer,23558.0,3928.0,0.167,749.0,184.05,22.0,927919.0,0.65,603147.0,6.0,0.0,0.0,
Kabir Khan,46.0,Male,Metro,Farmer,31699.0,4574.0,0.144,657.0,26.6,20.0,121917.0,0.78,95095.0,9.0,1.0,79835.0,10.94
Sana Sharma,45.0,Female,Metro,Salaried,41757.0,3639.0,0.087,699.0,153.12,20.0,701800.0,0.75,,24.0,0.0,,
Aaditya Yadav,61.0,Female,Metro,Business Owner,16610.0,661.0,0.04,779.0,197.67,24.0,,0.82,891492.0,9.0,1.0,817750.0,10.2
Shruti Gupta,49.0,Female,Metro,Self-Employed,44979.0,6803.0,0.151,643.0,180.75,22.0,911281.0,0.81,738138.0,6.0,1.0,606446.0,11.0
Sarthak Jain,35.0,Male,Urban,Farmer,37491.0,2982.0,0.08,570.0,132.08,24.0,726440.0,0.68,493979.0,,1.0,390963.0,11.63
Rohan Singh,21.0,Female,Urban,Self-Employed,33210.0,7194.0,0.217,722.0,66.24,22.0,333960.0,0.67,223753.0,6.0,1.0,189301.0,11.22
Ritika Patel,45.0,Male,,Business Owner,27087.0,,0.248,685.0,54.59,20.0,250204.0,0.85,212673.0,9.0,1.0,173668.0,10.92
Suresh Khan,27.0,Male,Rural,Farmer,29283.0,5508.0,0.188,761.0,164.75,22.0,830615.0,,606349.0,3.0,1.0,537415.0,10.72
Meera Sharma,29.0,Male,Urban,Farmer,42168.0,954.0,0.023,,176.57,22.0,890207.0,0.83,738872.0,12.0,1.0,589342.0,
Ravi Jain,44.0,Female,Urban,Farmer,33461.0,2415.0,0.072,664.0,107.46,20.0,492525.0,0.64,315216.0,9.0,1.0,275709.0,11.08
Meera Khan,21.0,Female,Metro,Salaried,28986.0,791.0,0.027,695.0,52.65,24.0,289575.0,0.76,220077.0,12.0,1.0,191984.0,10.74
Ritika Singh,64.0,Male,Metro,Salaried,40623.0,6606.0,,,27.02,22.0,136226.0,0.8,108981.0,12.0,0.0,0.0,
Yash Reddy,28.0,Male,Urban,,41098.0,7862.0,,735.0,22.0,20.0,100833.0,0.84,84700.0,9.0,1.0,72348.0,10.65
Shruti Gupta,44.0,Female,Metro,Self-Employed,20010.0,4631.0,0.231,554.0,145.22,22.0,732151.0,0.68,497863.0,12.0,1.0,408954.0,11.39
Yash Sharma,31.0,Male,Urban,Farmer,41858.0,4585.0,,711.0,,,478060.0,0.78,372887.0,6.0,1.0,320164.0,10.79
Mohit Kapoor,37.0,Female,Metro,Salaried,65020.0,14652.0,0.225,714.0,181.55,20.0,832104.0,0.73,607436.0,9.0,0.0,0.0,
Neha Kapoor,28.0,Male,Rural,Self-Employed,40635.0,8918.0,0.219,699.0,149.24,24.0,820820.0,,508908.0,6.0,1.0,420614.0,11.53
Sana Yadav,55.0,Female,Rural,Salaried,14612.0,1159.0,0.079,663.0,42.3,20.0,193875.0,0.77,149284.0,24.0,1.0,127116.0,10.88
Ravi Verma,55.0,,Urban,Self-Employed,37129.0,8065.0,0.217,772.0,124.69,22.0,628645.0,0.77,484057.0,3.0,1.0,417160.0,10.8
Kiran Patel,53.0,Female,Metro,Self-Employed,13030.0,1224.0,,775.0,89.92,22.0,453347.0,0.83,376278.0,,1.0,324171.0,10.62
Priya Yadav,25.0,Male,Metro,Self-Employed,,5418.0,0.074,568.0,117.56,22.0,592698.0,0.72,426743.0,12.0,1.0,359698.0,11.1
Yash Yadav,62.0,Female,Rural,Self-Employed,61828.0,10033.0,0.162,652.0,148.92,22.0,750805.0,0.66,495531.0,9.0,0.0,,
Ravi Yadav,59.0,,Rural,Self-Employed,27009.0,2217.0,0.082,691.0,162.21,22.0,817809.0,0.61,498863.0,,1.0,426549.0,11.33
Kunal Gupta,61.0,Male,Metro,Self-Employed,8052.0,1269.0,0.158,757.0,169.53,22.0,854714.0,0.7,598300.0,,1.0,501236.0,11.2
Kabir Jain,48.0,Male,Urban,Farmer,24460.0,3729.0,0.152,702.0,54.53,22.0,,0.68,186947.0,12.0,1.0,153521.0,11.39
Sana Khan,27.0,Female,Metro,Salaried,32828.0,4624.0,0.141,659.0,11.07,20.0,50738.0,0.79,40083.0,12.0,1.0,31137.0,11.42
Sana Kapoor,29.0,Male,Metro,Self-Employed,13858.0,1318.0,0.095,743.0,149.16,24.0,820380.0,0.69,566062.0,9.0,1.0,483567.0,11.1
Rahul Kapoor,28.0,Female,Metro,Self-Employed,34172.0,4686.0,0.137,687.0,25.74,22.0,129772.0,0.84,109008.0,9.0,1.0,94076.0,10.58
,,Male,Metro,Farmer,32749.0,4884.0,0.149,693.0,66.41,24.0,,0.84,306814.0,9.0,1.0,259334.0,10.72
Shruti Sharma,54.0,Female,Rural,Self-Employed,36502.0,4980.0,0.136,698.0,5.74,20.0,26308.0,0.76,19994.0,12.0,,16779.0,11.01
Meera Sharma,,Female,Urban,Business Owner,,4195.0,0.111,734.0,137.93,22.0,695397.0,0.83,577180.0,9.0,1.0,508648.0,10.46
Sarthak Singh,43.0,Female,Metro,Business Owner,23413.0,86.0,0.004,681.0,37.59,22.0,189516.0,0.79,149718.0,9.0,1.0,128496.0,10.76
Rohan Singh,44.0,Female,,Salaried,24759.0,3634.0,0.147,741.0,,22.0,669432.0,0.74,495380.0,6.0,1.0,425480.0,10.91
Anjali Singh,57.0,Female,Rural,Salaried,35547.0,1497.0,0.042,696.0,198.39,22.0,1000216.0,0.65,650140.0,3.0,1.0,525273.0,11.59
Aaditya Yadav,55.0,Female,Rural,Self-Employed,27428.0,4406.0,0.161,636.0,19.17,18.0,79076.0,0.71,56144.0,6.0,1.0,44302.0,11.56
Ravi Khan,64.0,Male,Metro,Salaried,45890.0,8712.0,0.19,698.0,20.03,22.0,100985.0,0.74,74729.0,6.0,1.0,65406.0,10.78
Suresh Yadav,60.0,Male,Metro,Self-Employed,35431.0,4433.0,0.125,639.0,71.37,22.0,359824.0,0.82,,9.0,1.0,245023.0,10.9
Sana Reddy,42.0,Male,Metro,Business Owner,57380.0,7780.0,0.136,702.0,173.95,18.0,717544.0,0.72,516632.0,12.0,1.0,446405.0,10.93
Meera Khan,47.0,Female,Metro,Salaried,44846.0,10668.0,0.238,750.0,47.03,22.0,237110.0,0.82,194430.0,6.0,1.0,160639.0,10.93
Anjali Kapoor,55.0,Female,,,48245.0,10218.0,0.212,636.0,75.27,22.0,,0.77,292204.0,24.0,1.0,240113.0,11.12
Amit Jain,21.0,Female,Urban,Salaried,36591.0,8363.0,0.229,722.0,18.36,18.0,75735.0,0.63,47713.0,3.0,1.0,38088.0,11.72
Kabir Patel,55.0,Female,Metro,Farmer,36888.0,7505.0,0.203,,153.82,24.0,846010.0,0.85,,12.0,1.0,610882.0,10.65
Shruti Singh,57.0,Male,Metro,Self-Employed,55776.0,1519.0,0.027,712.0,84.62,24.0,465410.0,0.73,339749.0,12.0,1.0,300398.0,10.74
Mohit Khan,34.0,Male,Metro,,30460.0,1135.0,0.037,752.0,153.05,22.0,771627.0,0.7,540139.0,9.0,1.0,472052.0,10.91
Meera Kapoor,23.0,Female,Metro,,41561.0,5472.0,0.132,572.0,181.2,18.0,747450.0,0.76,568062.0,3.0,1.0,461605.0,11.22
Suresh Singh,21.0,Male,Metro,Farmer,,1957.0,0.062,633.0,50.39,22.0,254050.0,0.63,160052.0,12.0,1.0,131691.0,11.53
Suresh Khan,25.0,Male,Urban,Salaried,31776.0,,0.119,678.0,162.44,22.0,818968.0,0.76,622416.0,9.0,1.0,516867.0,
Rahul Kapoor,46.0,Female,Metro,Farmer,20973.0,,0.099,719.0,16.52,22.0,83288.0,0.72,59967.0,24.0,1.0,,11.43
Mohit Patel,34.0,Male,Metro,Farmer,26090.0,3584.0,0.137,690.0,180.28,22.0,,0.7,,9.0,1.0,540385.0,11.11
Sana Verma,59.0,Female,Metro,Salaried,23861.0,4455.0,0.187,697.0,131.9,22.0,664996.0,0.84,558597.0,24.0,1.0,470025.0,10.75
Rohan Patel,47.0,Male,Urban,Salaried,42132.0,7536.0,0.179,823.0,175.47,22.0,884661.0,0.73,645803.0,6.0,1.0,556834.0,10.91
Ritika Reddy,,Female,Metro,Salaried,47482.0,6187.0,0.13,627.0,5.04,22.0,,0.65,16516.0,,1.0,13396.0,11.56
Rahul Yadav,35.0,Female,Metro,Salaried,33863.0,6962.0,0.206,768.0,37.97,22.0,191432.0,0.71,135917.0,12.0,1.0,114926.0,11.11
Meera Yadav,35.0,Female,Metro,Business Owner,37756.0,4067.0,0.108,679.0,81.0,24.0,445500.0,0.83,369765.0,12.0,1.0,,10.75
Sarthak Yadav,46.0,Female,Rural,Business Owner,33170.0,7436.0,0.224,733.0,79.0,22.0,398292.0,,254907.0,6.0,1.0,208828.0,11.53
Meera Patel,62.0,Male,Metro,Salaried,25271.0,450.0,0.018,828.0,49.21,22.0,248100.0,0.65,161265.0,12.0,1.0,142441.0,10.98
Kiran Jain,,Female,Urban,Salaried,45347.0,10823.0,0.239,741.0,79.41,24.0,436755.0,0.6,262053.0,9.0,1.0,223650.0,11.37
Rahul Khan,52.0,,Rural,Salaried,42830.0,7010.0,0.164,722.0,,22.0,151905.0,0.6,91143.0,12.0,1.0,74229.0,11.68
Shruti Gupta,59.0,Female,Metro,,12289.0,1168.0,0.095,796.0,85.49,22.0,431012.0,0.81,349120.0,6.0,1.0,,10.69
Mohit Yadav,52.0,Male,Rural,Business Owner,,1558.0,0.049,767.0,161.46,22.0,814028.0,0.78,634942.0,18.0,1.0,546252.0,10.78
Ravi Verma,24.0,Female,Urban,Salaried,24416.0,2925.0,0.12,652.0,98.42,22.0,496201.0,0.69,342379.0,3.0,0.0,0.0,
Rahul Patel,50.0,Male,Metro,Salaried,30309.0,1474.0,0.049,718.0,8.51,24.0,46805.0,0.77,36040.0,18.0,1.0,30991.0,10.81
Sarthak Verma,57.0,Female,Metro,Salaried,26955.0,1121.0,0.042,597.0,87.18,22.0,439533.0,0.7,307673.0,18.0,1.0,257254.0,11.21
Aaditya Khan,43.0,Male,Urban,Self-Employed,34443.0,5316.0,0.154,668.0,10.3,24.0,56650.0,0.84,47586.0,18.0,1.0,38178.0,11.06
Shruti Kapoor,59.0,Male,Urban,Salaried,31041.0,4059.0,0.131,,193.42,18.0,797858.0,0.84,670201.0,9.0,1.0,529810.0,11.16
Kiran Patel,35.0,Female,,Farmer,30786.0,5157.0,0.168,664.0,29.85,18.0,123131.0,0.7,86192.0,9.0,1.0,69625.0,11.44
Shruti Singh,63.0,Male,Metro,Salaried,48289.0,11222.0,0.232,716.0,143.0,22.0,720958.0,0.81,583976.0,24.0,1.0,479337.0,11.0
Meera Kapoor,49.0,Female,Urban,Farmer,,5547.0,0.133,699.0,194.69,20.0,892329.0,0.79,704940.0,6.0,,600766.0,10.81
Suresh Singh,56.0,Female,Metro,Self-Employed,26553.0,3856.0,0.145,732.0,,20.0,761200.0,0.68,517616.0,9.0,1.0,445622.0,11.07
Ravi Yadav,33.0,Female,Rural,Salaried,28333.0,635.0,,675.0,141.37,22.0,712740.0,0.66,470408.0,12.0,1.0,397484.0,11.26
Sana Reddy,52.0,Male,Urban,Self-Employed,,7338.0,0.179,644.0,168.69,20.0,773162.0,0.71,548945.0,,0.0,0.0,
,27.0,Male,Metro,Business Owner,40885.0,4088.0,0.1,789.0,196.45,18.0,810356.0,0.8,648285.0,6.0,1.0,565541.0,10.62
Ravi Kapoor,42.0,Female,Metro,Business Owner,27755.0,6777.0,0.244,670.0,126.16,24.0,693880.0,0.84,582859.0,12.0,1.0,489644.0,
Ravi Singh,48.0,Female,Metro,Self-Employed,32192.0,6625.0,0.206,740.0,114.04,20.0,522683.0,0.79,412920.0,18.0,1.0,328640.0,11.26
Rahul Sharma,22.0,Male,,Self-Employed,57162.0,,0.131,786.0,,22.0,642863.0,0.81,520719.0,3.0,1.0,431426.0,10.94
Suresh Sharma,62.0,Female,Metro,Business Owner,27961.0,861.0,0.031,710.0,108.87,22.0,548886.0,0.75,411664.0,24.0,1.0,366137.0,10.63
Amit Singh,26.0,Female,Urban,Self-Employed,57930.0,12446.0,0.215,649.0,128.84,24.0,708620.0,0.81,573982.0,3.0,1.0,496511.0,10.65
Ritika Patel,48.0,Female,Urban,Salaried,48244.0,9646.0,0.2,689.0,92.72,18.0,382470.0,0.8,305976.0,9.0,0.0,0.0,
Shruti Sharma,48.0,Male,Urban,,55705.0,2571.0,0.046,761.0,47.6,24.0,261800.0,0.69,180642.0,3.0,1.0,151054.0,11.24
Anjali Jain,64.0,Male,Rural,Salaried,27451.0,2026.0,0.074,712.0,28.45,22.0,143435.0,0.74,106142.0,3.0,,92949.0,10.77
Ravi Patel,64.0,Male,Urban,Self-Employed,32977.0,6541.0,0.198,628.0,18.33,22.0,92414.0,0.8,73931.0,,1.0,60351.0,11.07
Kunal Kapoor,40.0,Female,Urban,Salaried,29610.0,1371.0,0.046,736.0,56.35,22.0,284098.0,0.61,173300.0,9.0,1.0,150256.0,11.23
Yash Khan,50.0,Female,Urban,Salaried,48521.0,11133.0,0.229,746.0,13.99,24.0,76945.0,0.8,61556.0,9.0,1.0,52449.0,10.78
Ritika Reddy,,Female,Metro,Salaried,28188.0,2992.0,0.106,,115.6,22.0,582817.0,0.64,373003.0,6.0,1.0,315969.0,11.3
Kiran Gupta,48.0,Male,Metro,Farmer,43775.0,953.0,0.022,737.0,60.35,22.0,304265.0,0.73,222113.0,9.0,1.0,190635.0,10.94
Shruti Yadav,45.0,Female,Metro,Salaried,43140.0,8798.0,0.204,715.0,165.78,22.0,835808.0,0.8,668646.0,9.0,1.0,552966.0,
Amit Sharma,59.0,Female,Metro,Salaried,34424.0,3214.0,0.093,,19.48,22.0,98212.0,0.66,,,1.0,55859.0,11.13
Neha Patel,53.0,Female,Metro,Salaried,50584.0,6658.0,0.132,622.0,49.14,24.0,270270.0,0.66,178378.0,6.0,1.0,148116.0,11.38
Yash Verma,21.0,Female,Metro,Self-Employed,36292.0,1019.0,0.028,765.0,147.4,20.0,675583.0,0.7,472908.0,18.0,1.0,410922.0,10.95
Suresh Khan,47.0,Male,Rural,Business Owner,45009.0,29.0,0.001,746.0,121.77,24.0,669735.0,0.82,549183.0,9.0,1.0,484015.0,10.49
Sana Reddy,33.0,Male,Urban,Self-Employed,29064.0,4636.0,0.16,735.0,17.58,18.0,72517.0,0.6,,9.0,1.0,,11.77
Amit Yadav,61.0,Female,Metro,Self-Employed,26319.0,3390.0,0.129,793.0,176.06,18.0,726248.0,0.83,602786.0,6.0,0.0,0.0,
Anjali Kapoor,23.0,Male,Metro,Business Owner,43774.0,6495.0,0.148,757.0,176.07,18.0,726289.0,0.64,464825.0,12.0,1.0,387699.0,11.41
Amit Patel,59.0,Male,Metro,Self-Employed,40170.0,7971.0,0.198,741.0,69.43,22.0,350043.0,0.85,297537.0,9.0,1.0,249532.0,10.74
,26.0,Female,Urban,Salaried,37920.0,6130.0,0.162,,71.38,22.0,359874.0,0.84,302294.0,9.0,1.0,253652.0,
Priya Jain,28.0,Female,Urban,Salaried,30876.0,1349.0,0.044,772.0,197.86,18.0,816172.0,0.72,587644.0,6.0,0.0,0.0,
Sarthak Singh,47.0,Male,Rural,Salaried,53591.0,4834.0,0.09,705.0,127.1,,524288.0,0.73,382730.0,24.0,1.0,336193.0,10.78
Meera Reddy,29.0,Female,Metro,Salaried,21601.0,4892.0,0.226,719.0,108.61,24.0,597355.0,0.72,430096.0,6.0,1.0,360709.0,11.13
Kiran Verma,57.0,Male,Rural,Self-Employed,,4031.0,0.192,719.0,168.44,24.0,926420.0,0.76,704079.0,12.0,0.0,0.0,
Ravi Kapoor,53.0,Female,Rural,Farmer,46306.0,6444.0,0.139,746.0,60.63,24.0,333465.0,0.62,206748.0,9.0,1.0,186331.0,10.93
Meera Patel,62.0,Male,Metro,Salaried,45321.0,2897.0,0.064,767.0,88.69,24.0,487795.0,0.61,297555.0,6.0,1.0,254193.0,11.34
,64.0,Female,Urban,Self-Employed,39245.0,2964.0,0.076,738.0,57.22,22.0,288484.0,0.61,175975.0,12.0,1.0,150118.0,11.35
Priya Jain,44.0,Male,Urban,Self-Employed,31545.0,5772.0,0.183,729.0,158.89,20.0,728246.0,0.71,517055.0,6.0,,437718.0,11.1
Rohan Patel,35.0,Male,Urban,Salaried,41029.0,8731.0,0.213,714.0,116.8,22.0,588867.0,0.67,394541.0,18.0,1.0,339261.0,11.11
Yash Yadav,52.0,Male,Metro,Business Owner,55650.0,9341.0,0.168,,133.47,22.0,672911.0,0.76,511412.0,,,0.0,
Sarthak Kapoor,52.0,Female,Urban,Self-Employed,65187.0,13193.0,0.202,683.0,54.2,20.0,248417.0,0.85,211154.0,18.0,1.0,170197.0,11.0
Aaditya Kapoor,44.0,Male,Urban,Salaried,15123.0,2899.0,0.192,644.0,47.94,22.0,241698.0,0.7,169189.0,3.0,0.0,0.0,
Kabir Gupta,,Male,Rural,Farmer,29973.0,1122.0,0.037,773.0,100.23,18.0,413449.0,0.74,305952.0,,1.0,255414.0,11.1
Yash Singh,32.0,Female,Rural,Self-Employed,29219.0,3097.0,0.106,737.0,148.83,22.0,750351.0,0.7,525246.0,9.0,1.0,448801.0,11.06
Ravi Jain,59.0,Female,Urban,Self-Employed,54518.0,2085.0,0.038,673.0,107.42,22.0,541576.0,0.81,438677.0,18.0,1.0,388333.0,10.49
Anjali Verma,22.0,Male,Rural,Self-Employed,5224.0,307.0,0.059,679.0,11.37,,57324.0,0.83,47579.0,12.0,1.0,41100.0,10.6
Neha Patel,23.0,,Urban,Self-Employed,41166.0,8946.0,0.217,676.0,174.37,22.0,879115.0,0.82,720874.0,18.0,1.0,600524.0,
Amit Khan,57.0,Female,Urban,Farmer,31918.0,3773.0,0.118,675.0,17.61,22.0,88784.0,0.84,74579.0,9.0,1.0,63914.0,10.62
Priya Sharma,37.0,,Urban,Salaried,54657.0,7315.0,0.134,,191.39,18.0,789484.0,,481585.0,9.0,1.0,389772.0,11.7
Aaditya Patel,22.0,,Metro,Salaried,53012.0,2365.0,0.045,600.0,9.9,20.0,45375.0,0.81,36754.0,6.0,1.0,28970.0,11.26
,22.0,Female,Urban,Salaried,39386.0,3075.0,0.078,702.0,140.42,24.0,,0.79,610125.0,12.0,1.0,523636.0,10.76
Anjali Patel,48.0,Female,Urban,Farmer,16043.0,923.0,0.058,765.0,21.03,22.0,106026.0,0.66,69977.0,9.0,1.0,64526.0,10.64
Rohan Sharma,,Male,Urban,Salaried,28113.0,1449.0,0.052,668.0,182.58,20.0,836825.0,0.84,702933.0,9.0,1.0,606833.0,10.57
Mohit Khan,57.0,Female,Rural,,29427.0,4693.0,0.159,718.0,95.56,24.0,525580.0,0.64,336371.0,12.0,1.0,280202.0,11.42
Mohit Sharma,52.0,Male,Metro,Self-Employed,19083.0,1226.0,0.064,744.0,31.82,20.0,145842.0,0.77,112298.0,9.0,1.0,93453.0,11.03
Amit Yadav,53.0,Male,Urban,Business Owner,48855.0,7719.0,0.158,,71.46,22.0,360277.0,0.66,237783.0,6.0,0.0,0.0,
Rahul Khan,21.0,Male,Urban,Business Owner,17559.0,257.0,0.015,699.0,37.14,20.0,170225.0,0.71,120860.0,9.0,1.0,103888.0,10.99
,39.0,Female,Urban,Business Owner,58584.0,2076.0,0.035,660.0,,22.0,192894.0,0.78,150457.0,9.0,1.0,132443.0,10.62
Shruti Verma,22.0,Male,Urban,Business Owner,58554.0,4019.0,0.069,796.0,189.88,22.0,957312.0,0.74,708411.0,9.0,1.0,625695.0,10.71
Kunal Verma,64.0,Male,Rural,Self-Employed,30379.0,4534.0,0.149,794.0,91.82,20.0,420842.0,0.71,298798.0,3.0,1.0,254634.0,11.05
Rahul Khan,46.0,Female,Urban,Self-Employed,38942.0,6580.0,0.169,640.0,158.82,24.0,873510.0,0.68,593987.0,6.0,1.0,484691.0,11.43
Suresh Patel,52.0,Male,,Salaried,34133.0,3778.0,0.111,723.0,129.72,22.0,654005.0,0.81,529744.0,6.0,1.0,454503.0,10.71
Sarthak Verma,26.0,Male,Metro,Salaried,45822.0,5107.0,0.111,764.0,136.9,20.0,627458.0,0.64,401573.0,12.0,1.0,329516.0,11.52
Mohit Gupta,52.0,Female,Urban,Self-Employed,50296.0,9110.0,0.181,751.0,,20.0,140617.0,0.71,99838.0,3.0,1.0,78465.0,11.58
Yash Kapoor,24.0,Male,,Self-Employed,38096.0,151.0,0.004,705.0,50.67,20.0,232238.0,0.83,192758.0,9.0,,171061.0,10.41
Neha Khan,31.0,Male,Metro,Salaried,40629.0,,0.085,778.0,158.42,18.0,653482.0,0.81,529320.0,24.0,1.0,434098.0,11.01
Yash Khan,37.0,Male,Urban,,27553.0,5639.0,0.205,646.0,194.3,22.0,979596.0,,685717.0,6.0,1.0,553691.0,11.44
Suresh Verma,58.0,Female,Metro,Business Owner,40241.0,6069.0,0.151,682.0,56.22,24.0,309210.0,0.79,244276.0,9.0,1.0,210397.0,10.74
Kunal Reddy,44.0,Female,Urban,Self-Employed,36953.0,3115.0,0.084,,,22.0,292215.0,0.81,236694.0,12.0,1.0,205757.0,10.62
Sarthak Gupta,25.0,Female,Urban,Farmer,24058.0,,0.226,747.0,97.21,20.0,445546.0,0.82,365348.0,24.0,1.0,307164.0,10.81
Mohit Singh,54.0,Male,Urban,Business Owner,34832.0,6728.0,0.193,665.0,196.85,18.0,812006.0,0.74,600884.0,12.0,1.0,464398.0,11.6
Vivek Gupta,26.0,Male,Metro,Business Owner,30402.0,2013.0,0.066,690.0,57.45,20.0,263312.0,0.65,171153.0,12.0,1.0,140351.0,11.49
,42.0,,Urban,,27686.0,4466.0,0.161,737.0,84.36,22.0,425315.0,0.66,,18.0,0.0,0.0,
Kunal Patel,31.0,Male,Metro,Business Owner,21242.0,3164.0,0.149,742.0,178.84,22.0,901652.0,0.67,604107.0,9.0,1.0,509098.0,11.25
Kabir Reddy,36.0,Male,Urban,Business Owner,35750.0,3586.0,0.1,646.0,5.57,20.0,25529.0,0.75,19147.0,18.0,1.0,16255.0,10.96
Sana Sharma,53.0,Female,Metro,Business Owner,25634.0,2352.0,,763.0,12.75,22.0,64281.0,0.61,39211.0,3.0,1.0,30906.0,11.86
Amit Jain,29.0,Female,Rural,Salaried,,2521.0,0.086,727.0,122.79,24.0,675345.0,0.76,513262.0,24.0,1.0,436717.0,10.91
Sana Reddy,26.0,Male,Urban,Self-Employed,47901.0,7391.0,0.154,635.0,181.94,22.0,917281.0,0.69,632924.0,9.0,0.0,0.0,
Vivek Khan,36.0,Male,Rural,Salaried,42585.0,4710.0,0.111,620.0,51.58,24.0,283690.0,0.67,190072.0,9.0,,151294.0,11.62
Sana Reddy,49.0,Male,Urban,Salaried,23255.0,4836.0,0.208,699.0,96.58,22.0,486924.0,0.82,399278.0,6.0,1.0,339055.0,10.75
,23.0,Female,Metro,Self-Employed,39223.0,6566.0,0.167,751.0,92.84,22.0,468068.0,0.72,337009.0,12.0,1.0,,11.35
Rohan Jain,40.0,Female,Rural,,36593.0,640.0,0.017,753.0,97.23,22.0,490201.0,0.62,303925.0,3.0,1.0,250627.0,11.54
Rahul Gupta,56.0,Female,Metro,Business Owner,55420.0,8870.0,0.16,721.0,126.39,22.0,637216.0,0.81,516145.0,18.0,1.0,446780.0,10.65
Kiran Verma,39.0,Female,Metro,Salaried,51598.0,3498.0,0.068,703.0,96.6,20.0,442750.0,0.61,270078.0,18.0,1.0,233923.0,11.24
Sana Yadav,46.0,Male,Metro,Business Owner,16595.0,,0.148,731.0,92.26,22.0,,0.78,362812.0,6.0,1.0,306442.0,10.9
Ravi Kapoor,23.0,Female,Urban,Self-Employed,45334.0,7708.0,0.17,649.0,97.49,20.0,446829.0,0.79,352995.0,18.0,1.0,276565.0,11.36
Aaditya Yadav,39.0,Female,,Farmer,50182.0,2896.0,0.058,801.0,120.22,,,0.69,,12.0,1.0,355857.0,11.12
,40.0,Female,Metro,Business Owner,41712.0,4764.0,0.114,800.0,109.72,20.0,502883.0,,407335.0,12.0,1.0,359867.0,10.5
Aaditya Reddy,52.0,Female,Rural,Self-Employed,30975.0,1474.0,0.048,726.0,171.56,24.0,943580.0,0.73,688813.0,9.0,1.0,596588.0,10.88
Ritika Patel,27.0,Female,Metro,Salaried,63961.0,837.0,0.013,712.0,14.65,,73860.0,0.72,,6.0,1.0,45189.0,11.04
Suresh Yadav,61.0,Male,Metro,Business Owner,42817.0,4051.0,0.095,675.0,167.5,22.0,844479.0,0.61,515132.0,6.0,1.0,431248.0,11.47
,53.0,,Metro,Salaried,58719.0,5328.0,0.091,732.0,169.57,20.0,777196.0,0.67,520721.0,6.0,1.0,435128.0,11.3
Yash Kapoor,60.0,,Metro,Salaried,51218.0,12747.0,0.249,659.0,60.56,24.0,333080.0,0.83,276456.0,24.0,1.0,240515.0,10.55
Yash Sharma,59.0,Male,Urban,Business Owner,40570.0,4527.0,0.112,567.0,95.26,,523930.0,0.7,366751.0,3.0,1.0,292235.0,11.53
Mohit Verma,38.0,Female,,Salaried,28044.0,2339.0,0.083,537.0,90.52,22.0,456372.0,0.74,337715.0,18.0,0.0,0.0,
Meera Singh,60.0,Female,Urban,Farmer,34711.0,5037.0,0.145,652.0,,20.0,218212.0,0.73,159295.0,6.0,1.0,124183.0,
Ravi Patel,21.0,Male,Metro,Salaried,32337.0,718.0,0.022,709.0,82.38,22.0,415332.0,0.75,311499.0,9.0,1.0,261234.0,11.04
Mohit Yadav,31.0,,Metro,Business Owner,20426.0,4911.0,0.24,720.0,13.66,20.0,62608.0,,38817.0,12.0,0.0,0.0,
Vivek Yadav,,Female,Metro,Salaried,42803.0,6795.0,0.159,671.0,59.18,20.0,271242.0,0.69,187157.0,18.0,1.0,153650.0,11.36
Ritika Sharma,45.0,Female,Rural,Business Owner,53808.0,10154.0,0.189,709.0,164.25,22.0,828094.0,0.78,,6.0,1.0,540924.0,10.96
Meera Reddy,43.0,Female,Metro,Farmer,31420.0,1339.0,0.043,684.0,60.49,22.0,304970.0,0.65,198230.0,9.0,1.0,,11.56
Amit Singh,51.0,Male,Urban,Salaried,60964.0,6241.0,0.102,640.0,164.55,22.0,829606.0,0.65,539244.0,9.0,1.0,451138.0,11.36
Mohit Sharma,,Female,Rural,Self-Employed,16309.0,1723.0,0.106,697.0,108.66,24.0,597630.0,0.6,358578.0,3.0,1.0,316112.0,11.15
Mohit Gupta,62.0,Female,Urban,Business Owner,47652.0,9790.0,0.205,749.0,176.57,22.0,890207.0,0.71,632047.0,6.0,1.0,537732.0,11.06
Suresh Khan,55.0,Female,Rural,Self-Employed,55058.0,17.0,0.0,,117.08,22.0,590278.0,0.82,484028.0,9.0,1.0,376451.0,11.32
Amit Singh,27.0,Male,Metro,Salaried,32552.0,2448.0,0.075,643.0,,22.0,54400.0,,33184.0,9.0,1.0,28970.0,11.19
Rohan Khan,36.0,Female,Urban,Self-Employed,32767.0,8038.0,0.245,636.0,136.71,24.0,751905.0,0.65,488738.0,12.0,1.0,408425.0,11.36
Neha Verma,46.0,Female,Urban,Self-Employed,47513.0,5641.0,0.119,584.0,13.75,,,0.68,38569.0,9.0,1.0,32234.0,11.27
Sarthak Jain,22.0,Male,Urban,Farmer,41072.0,3928.0,0.096,671.0,92.87,24.0,510785.0,0.78,398412.0,9.0,1.0,348379.0,10.66
Yash Sharma,21.0,Female,Metro,Farmer,11031.0,,0.03,743.0,186.24,24.0,1024320.0,0.76,778483.0,9.0,1.0,702980.0,10.5
Yash Reddy,32.0,Female,Metro,Self-Employed,24880.0,6059.0,0.244,710.0,37.21,20.0,170546.0,0.7,119382.0,12.0,1.0,98180.0,11.32
Anjali Patel,25.0,Male,Metro,Salaried,34837.0,174.0,0.005,690.0,81.03,22.0,408526.0,0.79,322736.0,18.0,1.0,272559.0,10.87
Yash Reddy,,Female,Urban,Self-Employed,18564.0,3421.0,0.184,708.0,147.32,24.0,810260.0,0.75,607695.0,9.0,0.0,0.0,
Rahul Gupta,52.0,Male,Rural,Self-Employed,29310.0,5632.0,0.192,671.0,177.04,22.0,892577.0,0.82,731913.0,12.0,1.0,593884.0,11.05
Anjali Sharma,29.0,Male,Urban,Salaried,18864.0,1149.0,,583.0,135.83,24.0,747065.0,0.8,597652.0,6.0,1.0,502325.0,10.88
Yash Sharma,61.0,Female,Metro,Business Owner,30558.0,5130.0,0.168,747.0,55.34,24.0,304370.0,0.66,200884.0,9.0,1.0,,11.72
Amit Patel,55.0,Female,Rural,Farmer,30961.0,719.0,0.023,764.0,136.55,,688440.0,,461255.0,6.0,,397997.0,11.09
Rohan Gupta,39.0,Female,Metro,Farmer,39221.0,2520.0,0.064,656.0,62.86,22.0,316919.0,0.63,199659.0,9.0,1.0,172166.0,11.21
Kunal Verma,36.0,,Metro,,33899.0,,0.197,691.0,145.09,24.0,797995.0,0.68,542637.0,12.0,1.0,455494.0,11.24
Mohit Patel,23.0,Male,Metro,,,8870.0,0.216,686.0,191.04,22.0,963160.0,0.85,818686.0,,,716490.0,
,40.0,Female,Urban,Business Owner,39603.0,6024.0,0.152,721.0,145.67,20.0,667654.0,0.7,467358.0,,1.0,384459.0,11.32
Aaditya Patel,44.0,Male,Metro,Self-Employed,47376.0,6003.0,,801.0,173.26,18.0,714698.0,0.66,471701.0,12.0,1.0,407722.0,11.11
Kiran Verma,53.0,Female,Urban,Salaried,45485.0,1811.0,0.04,770.0,5.41,22.0,27275.0,0.79,21547.0,9.0,1.0,18221.0,10.86
Sana Khan,44.0,Female,Rural,Self-Employed,44217.0,,0.016,677.0,144.93,24.0,797115.0,,589865.0,6.0,1.0,518314.0,10.75
Neha Yadav,31.0,Female,,Self-Employed,72258.0,2125.0,0.029,733.0,166.77,24.0,917235.0,0.64,587030.0,6.0,1.0,509639.0,11.13
Yash Yadav,,Male,Urban,Farmer,39169.0,2226.0,0.057,775.0,12.91,22.0,65088.0,0.7,45562.0,6.0,1.0,39053.0,11.04
Kiran Patel,56.0,Female,Metro,Salaried,66123.0,5648.0,,725.0,174.96,20.0,801900.0,,561330.0,6.0,,433667.0,11.72
Sana Patel,58.0,,Metro,Salaried,39947.0,3804.0,0.095,700.0,55.06,20.0,252358.0,0.79,199363.0,6.0,1.0,165034.0,11.01
Shruti Verma,60.0,Female,Urban,Salaried,34006.0,,0.087,727.0,134.73,24.0,741015.0,0.61,452019.0,6.0,1.0,388233.0,11.3
Priya Verma,40.0,Female,Metro,Salaried,30522.0,1824.0,,658.0,161.07,20.0,,0.67,494619.0,6.0,1.0,416412.0,11.25
Vivek Sharma,55.0,Male,Urban,Farmer,53117.0,6769.0,0.127,667.0,,20.0,615175.0,,449078.0,12.0,1.0,385641.0,10.94
Priya Yadav,45.0,Female,Urban,Salaried,54686.0,11283.0,0.206,636.0,23.0,20.0,105417.0,0.67,70629.0,9.0,1.0,60172.0,11.17
Mohit Singh,55.0,Male,,Self-Employed,42197.0,2951.0,0.07,718.0,121.28,22.0,611453.0,0.76,464704.0,24.0,1.0,409516.0,10.67
Ravi Singh,45.0,Male,,Self-Employed,48603.0,11451.0,0.236,692.0,112.17,24.0,616935.0,0.72,444193.0,9.0,1.0,364837.0,11.27
Suresh Verma,49.0,Male,Urban,Self-Employed,19673.0,4295.0,0.218,651.0,180.56,20.0,827567.0,0.69,571021.0,12.0,1.0,455102.0,11.55
Priya Gupta,38.0,Male,Urban,Business Owner,,664.0,0.04,690.0,83.83,22.0,422643.0,0.84,355020.0,18.0,1.0,308355.0,10.53
Priya Gupta,38.0,Male,Urban,Self-Employed,49956.0,9820.0,0.197,728.0,67.61,22.0,340867.0,0.76,259059.0,12.0,1.0,220945.0,10.9
Suresh Jain,22.0,Male,Metro,Farmer,33478.0,4809.0,0.144,815.0,151.22,24.0,831710.0,0.63,523977.0,9.0,1.0,477636.0,10.82
Aaditya Patel,55.0,Female,Metro,,43992.0,,0.142,761.0,85.47,20.0,391738.0,0.74,289886.0,12.0,1.0,262115.0,10.55
Anjali Yadav,36.0,Male,Rural,Salaried,26393.0,2580.0,0.098,563.0,130.99,22.0,660408.0,0.8,528326.0,6.0,0.0,0.0,
Rahul Yadav,61.0,Male,Urban,Business Owner,54884.0,6876.0,0.125,714.0,131.06,22.0,660761.0,0.78,515394.0,6.0,1.0,454542.0,10.6
Vivek Verma,56.0,Male,Metro,Salaried,16515.0,1640.0,0.099,786.0,178.17,24.0,979935.0,0.64,627158.0,9.0,1.0,553026.0,11.03
Aaditya Reddy,53.0,Female,Urban,Salaried,18373.0,2479.0,0.135,620.0,121.75,22.0,613823.0,0.84,515611.0,9.0,1.0,441784.0,10.63
Kunal Kapoor,24.0,Female,Metro,Farmer,52332.0,8215.0,0.157,733.0,102.92,20.0,471717.0,0.71,334919.0,3.0,1.0,292636.0,10.88
Suresh Khan,53.0,Male,Rural,Salaried,5000.0,843.0,0.169,686.0,32.08,22.0,161737.0,,103512.0,24.0,1.0,85139.0,11.5
Sana Yadav,34.0,Female,Metro,Business Owner,39543.0,5264.0,0.133,769.0,27.57,22.0,138999.0,0.65,90349.0,12.0,1.0,75687.0,11.35
Priya Verma,41.0,Male,Metro,Self-Employed,,6080.0,0.18,724.0,,18.0,144746.0,0.62,89743.0,9.0,0.0,0.0,
Meera Reddy,40.0,Male,,Business Owner,26169.0,924.0,0.035,647.0,38.51,24.0,211805.0,0.8,169444.0,24.0,1.0,140018.0,10.99
Anjali Kapoor,28.0,Female,Urban,Farmer,32601.0,1728.0,0.053,688.0,129.39,20.0,593037.0,0.63,373613.0,9.0,1.0,296207.0,11.77
Rahul Sharma,,Male,Rural,Self-Employed,24830.0,5082.0,0.205,691.0,149.49,22.0,753679.0,0.63,474818.0,24.0,0.0,0.0,
Rohan Verma,23.0,Female,Metro,Business Owner,53507.0,4314.0,0.081,693.0,108.35,22.0,546265.0,0.81,442475.0,9.0,1.0,362935.0,11.01
Ritika Yadav,37.0,Female,Rural,Salaried,56654.0,324.0,0.006,767.0,166.66,,840244.0,0.69,,6.0,1.0,490278.0,11.16
Kiran Khan,53.0,,Metro,Business Owner,26771.0,1029.0,,649.0,198.3,22.0,999762.0,0.61,609855.0,12.0,1.0,515977.0,11.4
Aaditya Reddy,32.0,Male,Rural,Salaried,38306.0,2141.0,0.056,760.0,,24.0,906950.0,0.61,553240.0,12.0,1.0,481009.0,11.21
