name,age,city_tier,employment_type,monthly_income,other_income,bank_avg_balance_6m,job_tenure_months,cibil_score,past_defaults,inquiries_6m,existing_emi,dti,loan_amount_requested,tenure_requested_months,insurer_present,co_applicant,loan_status,approved_amount,interest_rate
Priya Verma,34.0,Metro,Salaried,52451.0,18054.0,101180.0,51.0,695.0,0.0,1.0,4438.0,0.085,850042.0,36.0,1.0,0.0,1.0,660822.0,12.426002444508615
Ravi Sharma,29.0,Metro,Self-Employed,42926.0,9333.0,51509.0,12.0,669.0,0.0,1.0,2285.0,,617227.0,36.0,0.0,0.0,0.0,0.0,
Rohan Patel,44.0,Rural,Govt,54715.0,6741.0,132615.0,16.0,650.0,1.0,0.0,12321.0,0.225,459163.0,24.0,1.0,0.0,1.0,299424.0,14.978907339801024
Rahul Jain,25.0,Metro,Salaried,67845.0,27786.0,65647.0,81.0,693.0,0.0,0.0,16422.0,0.242,929962.0,12.0,1.0,0.0,1.0,734299.0,12.103992006027582
Aaditya Sharma,27.0,Metro,Govt,41488.0,16583.0,54316.0,105.0,818.0,0.0,0.0,12328.0,0.297,534904.0,48.0,1.0,1.0,1.0,442841.0,11.721103429110286
Kiran Khan,29.0,Rural,Salaried,41488.0,14411.0,64870.0,80.0,748.0,,0.0,5136.0,0.124,412168.0,60.0,1.0,0.0,0.0,0.0,
Kunal Sharma,36.0,Metro,Salaried,68688.0,,121511.0,20.0,676.0,0.0,0.0,7666.0,0.112,1090554.0,36.0,0.0,0.0,1.0,821529.0,12.466864667247812
Mohit Singh,25.0,Metro,Salaried,56512.0,16678.0,62504.0,,744.0,0.0,1.0,13163.0,0.233,1110676.0,24.0,1.0,0.0,1.0,944692.0,11.694442851592337
Amit Khan,33.0,Urban,Salaried,37958.0,6851.0,29876.0,23.0,794.0,0.0,1.0,3881.0,0.102,559739.0,36.0,1.0,0.0,0.0,0.0,
Rahul Jain,,Metro,Govt,53138.0,2433.0,107687.0,25.0,765.0,0.0,1.0,14838.0,0.279,880871.0,48.0,1.0,0.0,1.0,687960.0,12.390007177227952
Aaditya Khan,27.0,Urban,Salaried,38049.0,17451.0,46480.0,8.0,714.0,0.0,2.0,9799.0,0.258,335646.0,48.0,1.0,1.0,1.0,243577.0,13.14304999690608
Mohit Singh,34.0,Rural,Salaried,38014.0,2601.0,,32.0,671.0,0.0,0.0,4892.0,0.129,494638.0,24.0,1.0,0.0,1.0,368727.0,12.545517654782197
Kiran Khan,25.0,Metro,Salaried,,23105.0,43081.0,7.0,752.0,0.0,1.0,10954.0,0.225,456933.0,12.0,1.0,0.0,1.0,343296.0,12.686942777334725
Priya Khan,24.0,Urban,Salaried,16301.0,3635.0,27758.0,15.0,734.0,0.0,,3690.0,0.226,250278.0,48.0,,0.0,1.0,182797.0,
Kiran Singh,33.0,Urban,Self-Employed,19126.0,1770.0,35029.0,70.0,,0.0,0.0,592.0,0.031,368401.0,36.0,1.0,0.0,1.0,274968.0,12.536163903892204
Priya Verma,20.0,Metro,Salaried,36566.0,9908.0,23020.0,8.0,748.0,0.0,1.0,9901.0,0.271,582911.0,24.0,0.0,1.0,1.0,418565.0,13.019397954033495
Aaditya Patel,18.0,Urban,Salaried,,13010.0,39988.0,3.0,773.0,0.0,1.0,4518.0,0.152,265936.0,12.0,1.0,1.0,,202297.0,12.593007568146186
Ravi Patel,36.0,Metro,Salaried,49714.0,18201.0,41563.0,3.0,678.0,0.0,,12326.0,0.248,,36.0,1.0,0.0,1.0,490641.0,12.147399804839907
Neha Verma,39.0,,Salaried,31380.0,12655.0,20662.0,102.0,789.0,0.0,1.0,3013.0,0.096,458398.0,48.0,1.0,1.0,1.0,371223.0,12.1017234108036
Shruti Patel,29.0,Metro,Salaried,23815.0,7844.0,70847.0,25.0,722.0,1.0,3.0,6398.0,0.269,305749.0,60.0,1.0,0.0,0.0,0.0,
Kiran Verma,27.0,Urban,Self-Employed,66985.0,23186.0,87475.0,19.0,835.0,0.0,0.0,7821.0,0.117,1205980.0,36.0,1.0,1.0,1.0,1054006.0,11.260170513720887
Kiran Verma,39.0,Metro,Salaried,41613.0,17669.0,105060.0,60.0,669.0,0.0,0.0,,0.003,739715.0,,1.0,0.0,1.0,,12.432256255315469
Rahul Patel,24.0,Rural,Self-Employed,46013.0,5744.0,52298.0,65.0,814.0,0.0,0.0,,,705930.0,12.0,1.0,1.0,0.0,0.0,
Amit Verma,22.0,Metro,Self-Employed,23629.0,5782.0,52073.0,15.0,722.0,0.0,0.0,647.0,0.027,294925.0,36.0,0.0,1.0,1.0,227487.0,12.286622237639648
Shruti Sharma,37.0,Metro,Self-Employed,36834.0,4074.0,88423.0,43.0,671.0,0.0,1.0,3528.0,0.096,407533.0,36.0,,0.0,1.0,318070.0,12.395223700285674
Rahul Singh,32.0,Urban,Salaried,46664.0,23044.0,92819.0,53.0,681.0,0.0,0.0,13300.0,0.285,432598.0,36.0,1.0,0.0,1.0,308607.0,12.866189260097757
Mohit Singh,39.0,Urban,Salaried,27735.0,,46565.0,38.0,691.0,0.0,1.0,,0.285,339997.0,36.0,1.0,1.0,1.0,252662.0,12.768693483006155
Kiran Jain,18.0,Urban,Salaried,50635.0,998.0,77451.0,6.0,,0.0,1.0,8711.0,0.172,656132.0,24.0,1.0,1.0,1.0,515468.0,12.343831062298742
Neha Patel,22.0,Urban,Self-Employed,35990.0,12697.0,49384.0,,741.0,0.0,1.0,6822.0,0.19,579794.0,12.0,1.0,0.0,1.0,445209.0,
Neha Singh,32.0,Urban,Salaried,40625.0,18794.0,114718.0,28.0,676.0,0.0,0.0,,0.135,645853.0,36.0,0.0,0.0,1.0,,12.898862209383022
Kunal Verma,35.0,Rural,Salaried,35974.0,3248.0,92689.0,12.0,709.0,0.0,1.0,3164.0,0.088,318057.0,12.0,0.0,0.0,1.0,230611.0,12.94936614533363
Neha Sharma,38.0,Metro,,72784.0,20669.0,211988.0,20.0,839.0,0.0,1.0,7176.0,0.099,,24.0,0.0,0.0,1.0,742899.0,12.190266695161043
Amit Sharma,33.0,Urban,Salaried,44798.0,20506.0,36320.0,1.0,814.0,0.0,0.0,9038.0,0.202,456104.0,60.0,0.0,0.0,1.0,340458.0,12.535511306801823
Aaditya Verma,33.0,Rural,Salaried,29134.0,494.0,67800.0,,,0.0,1.0,6576.0,0.226,287895.0,36.0,1.0,0.0,1.0,226151.0,12.344660473532628
Ravi Patel,29.0,Rural,Salaried,57338.0,19994.0,163175.0,52.0,712.0,0.0,2.0,13616.0,0.237,1027934.0,36.0,,1.0,1.0,894256.0,11.700452928244772
,43.0,Rural,Self-Employed,26687.0,3968.0,25435.0,1.0,,0.0,1.0,6322.0,0.237,,,,0.0,1.0,167027.0,12.839336526326576
Ravi Sharma,24.0,Metro,Salaried,48133.0,,32068.0,19.0,747.0,1.0,1.0,1317.0,0.027,627182.0,60.0,1.0,1.0,1.0,473993.0,14.142499674009862
Rohan Khan,35.0,Metro,Salaried,15605.0,7577.0,36715.0,27.0,649.0,0.0,2.0,2315.0,0.148,156338.0,36.0,1.0,0.0,0.0,0.0,
Rohan Verma,25.0,Urban,Salaried,25077.0,11840.0,48554.0,2.0,695.0,1.0,,433.0,,465228.0,48.0,1.0,0.0,0.0,0.0,
Shruti Verma,36.0,Urban,Salaried,47953.0,,,130.0,610.0,0.0,1.0,7905.0,0.165,704165.0,36.0,1.0,0.0,0.0,0.0,
Neha Jain,25.0,Urban,Salaried,56077.0,24170.0,47634.0,9.0,734.0,0.0,2.0,7428.0,0.132,604318.0,36.0,,0.0,,461119.0,12.769603160332737
Shruti Singh,37.0,Urban,,47571.0,20088.0,118365.0,13.0,749.0,0.0,,12669.0,0.266,667380.0,36.0,1.0,0.0,1.0,494830.0,12.585480076027185
Rahul Sharma,33.0,Rural,,43265.0,6903.0,43441.0,13.0,681.0,0.0,0.0,4555.0,0.105,725893.0,36.0,,0.0,1.0,582926.0,11.969529245475652
Ravi Jain,44.0,Metro,Self-Employed,40483.0,16778.0,36805.0,9.0,804.0,0.0,0.0,1422.0,0.035,789314.0,36.0,1.0,0.0,1.0,624931.0,
Neha Khan,30.0,,Salaried,22822.0,422.0,20783.0,1.0,636.0,0.0,0.0,,0.043,242948.0,36.0,1.0,0.0,1.0,176305.0,12.743101409243426
Kiran Patel,35.0,Metro,Salaried,34202.0,10197.0,,47.0,622.0,0.0,2.0,7814.0,0.228,637326.0,24.0,1.0,0.0,,0.0,
Priya Verma,27.0,Metro,Self-Employed,38090.0,4381.0,82388.0,123.0,723.0,0.0,0.0,7064.0,0.185,731772.0,36.0,1.0,0.0,1.0,,12.155399982088538
Rohan Singh,30.0,Urban,,60857.0,3669.0,,9.0,773.0,0.0,2.0,1846.0,0.03,1156103.0,24.0,1.0,1.0,1.0,967750.0,12.029204594029359
Kunal Sharma,33.0,Urban,Salaried,50154.0,1930.0,70069.0,39.0,811.0,0.0,2.0,,0.025,783655.0,36.0,1.0,,1.0,,
Rahul Sharma,21.0,,Salaried,18554.0,,,49.0,682.0,0.0,1.0,3902.0,,288660.0,36.0,1.0,0.0,0.0,0.0,
Sarthak Singh,22.0,Metro,Salaried,49861.0,8473.0,73850.0,68.0,775.0,0.0,0.0,1088.0,0.022,640142.0,48.0,1.0,0.0,1.0,510217.0,12.02962309876278
Ravi Singh,36.0,Rural,Self-Employed,39224.0,14214.0,99688.0,20.0,708.0,0.0,3.0,9671.0,0.247,667937.0,48.0,,0.0,1.0,482943.0,
Priya Singh,31.0,Metro,Salaried,34846.0,1139.0,55678.0,13.0,700.0,0.0,1.0,7383.0,0.212,500930.0,48.0,1.0,1.0,1.0,408732.0,12.040528250509801
,28.0,Urban,Self-Employed,54175.0,8540.0,78140.0,14.0,763.0,1.0,1.0,1322.0,0.024,873802.0,36.0,1.0,0.0,1.0,696633.0,13.7275699347718
Mohit Sharma,27.0,Urban,Self-Employed,60465.0,,100172.0,,749.0,0.0,2.0,1539.0,0.025,794600.0,48.0,1.0,,1.0,612181.0,12.695735499229077
Aaditya Singh,,Urban,Salaried,58969.0,23314.0,73914.0,61.0,615.0,0.0,0.0,17454.0,0.296,989379.0,36.0,,0.0,1.0,,12.943828027186306
Kiran Patel,33.0,Urban,Govt,32412.0,5166.0,76785.0,7.0,799.0,1.0,,3639.0,0.112,579969.0,24.0,1.0,0.0,0.0,0.0,
Rohan Sharma,35.0,Metro,Salaried,40362.0,12631.0,70908.0,17.0,793.0,0.0,0.0,4488.0,0.111,393822.0,12.0,1.0,,1.0,297079.0,12.45652011452016
Rahul Jain,18.0,Urban,Govt,49969.0,22136.0,53993.0,84.0,672.0,0.0,0.0,12184.0,0.244,899200.0,24.0,1.0,1.0,1.0,704218.0,12.168391538467143
Mohit Verma,42.0,Metro,Salaried,59633.0,18363.0,163927.0,59.0,734.0,0.0,,16946.0,0.284,863698.0,,1.0,0.0,1.0,657829.0,12.383579538286215
Aaditya Khan,41.0,Urban,Self-Employed,37812.0,,55195.0,151.0,740.0,0.0,2.0,11185.0,0.296,685758.0,36.0,1.0,0.0,1.0,512998.0,12.919260472751459
Sarthak Patel,,Metro,Salaried,42215.0,515.0,78473.0,51.0,726.0,0.0,,9541.0,0.226,556209.0,48.0,1.0,0.0,1.0,434658.0,12.785340384322712
Aaditya Jain,40.0,Urban,Salaried,28405.0,12358.0,78573.0,18.0,677.0,,2.0,3206.0,0.113,356440.0,24.0,1.0,0.0,0.0,0.0,
Rohan Singh,39.0,Metro,Salaried,27057.0,288.0,55754.0,32.0,670.0,0.0,0.0,678.0,0.025,513562.0,24.0,1.0,1.0,1.0,410254.0,12.011601482319442
Neha Patel,,Metro,,57188.0,25011.0,45307.0,39.0,708.0,0.0,0.0,13333.0,0.233,629870.0,60.0,1.0,0.0,0.0,0.0,
Neha Khan,23.0,Metro,Salaried,65344.0,17281.0,,3.0,780.0,1.0,2.0,10947.0,0.168,1184723.0,24.0,1.0,1.0,1.0,994752.0,13.503508628536977
Ravi Singh,39.0,Metro,Salaried,43920.0,20622.0,90882.0,28.0,743.0,0.0,1.0,,0.127,606458.0,36.0,1.0,0.0,1.0,496222.0,12.017695068011573
Rahul Singh,30.0,Rural,Self-Employed,60053.0,23985.0,80307.0,44.0,688.0,0.0,2.0,16329.0,0.272,850900.0,36.0,1.0,0.0,1.0,645494.0,12.813987651076696
Aaditya Khan,36.0,Metro,Self-Employed,50425.0,25160.0,,7.0,756.0,0.0,2.0,1682.0,0.033,590054.0,36.0,1.0,1.0,1.0,468926.0,12.452837265461044
Ravi Khan,48.0,,Govt,35323.0,6194.0,87780.0,55.0,539.0,0.0,1.0,5220.0,0.148,525483.0,12.0,1.0,0.0,,351490.0,13.511101242083635
Rohan Sharma,34.0,Rural,Self-Employed,50421.0,,103372.0,32.0,779.0,0.0,2.0,172.0,0.003,600138.0,12.0,0.0,1.0,1.0,497621.0,12.108232052348718
Sarthak Verma,26.0,Urban,Govt,68071.0,13680.0,124819.0,109.0,606.0,0.0,1.0,9571.0,0.141,576645.0,24.0,1.0,0.0,1.0,442865.0,12.519979973269361
Amit Jain,30.0,Metro,Self-Employed,44463.0,10668.0,121594.0,2.0,688.0,0.0,2.0,751.0,0.017,500830.0,36.0,,1.0,1.0,414512.0,12.12350394668795
Mohit Jain,26.0,Metro,Salaried,68470.0,21483.0,169223.0,11.0,643.0,0.0,2.0,2441.0,0.036,553001.0,36.0,1.0,0.0,,474184.0,11.825267958334285
Sarthak Khan,35.0,Urban,Salaried,8000.0,3495.0,7033.0,33.0,632.0,0.0,,,0.035,157922.0,24.0,1.0,0.0,1.0,106970.0,
,26.0,Metro,Self-Employed,57329.0,28208.0,73341.0,13.0,780.0,0.0,,,0.195,1123016.0,36.0,1.0,1.0,1.0,879720.0,12.366455585257864
Sarthak Sharma,29.0,Metro,Salaried,46306.0,17788.0,,45.0,682.0,0.0,0.0,10364.0,0.224,590025.0,48.0,1.0,1.0,1.0,461382.0,12.180301564141287
Shruti Sharma,23.0,Urban,Salaried,,8463.0,95610.0,51.0,731.0,0.0,0.0,,0.175,678239.0,12.0,1.0,1.0,1.0,556302.0,11.79784817672522
Rahul Patel,31.0,Rural,Salaried,46376.0,9770.0,27076.0,4.0,707.0,,2.0,13387.0,0.289,563453.0,36.0,0.0,1.0,,,13.234686231228515
Mohit Jain,33.0,Urban,Govt,15186.0,5600.0,,26.0,739.0,0.0,1.0,1708.0,0.112,243783.0,36.0,1.0,1.0,1.0,185155.0,12.604907574043052
Rahul Jain,18.0,,Salaried,41705.0,4979.0,100348.0,26.0,715.0,0.0,0.0,3575.0,0.086,736726.0,24.0,1.0,0.0,1.0,593352.0,11.946097628268738
Kiran Patel,,Urban,Salaried,50357.0,2782.0,135557.0,17.0,633.0,0.0,2.0,13122.0,0.261,974966.0,36.0,0.0,0.0,1.0,639995.0,13.835717888422908
Ravi Patel,,Metro,Salaried,67168.0,11910.0,91026.0,97.0,770.0,0.0,3.0,4506.0,0.067,859921.0,36.0,1.0,0.0,,709036.0,12.35464097856538
Kiran Verma,27.0,Metro,Salaried,37226.0,5346.0,95043.0,63.0,680.0,0.0,1.0,10757.0,0.289,647717.0,48.0,0.0,0.0,1.0,,13.415602435312758
Sarthak Khan,46.0,Rural,Salaried,32873.0,4870.0,25528.0,43.0,617.0,,2.0,120.0,0.004,367886.0,48.0,1.0,,1.0,272407.0,12.995346628179906
Rohan Jain,39.0,Metro,Salaried,37474.0,4377.0,98037.0,45.0,684.0,0.0,0.0,10904.0,0.291,745133.0,36.0,1.0,0.0,1.0,556658.0,12.52941722617723
Kunal Sharma,24.0,Metro,Salaried,58731.0,1236.0,48084.0,22.0,800.0,0.0,1.0,760.0,0.013,488010.0,48.0,1.0,0.0,1.0,402983.0,11.942312570163754
Rahul Patel,38.0,,Self-Employed,49931.0,446.0,74558.0,91.0,761.0,0.0,2.0,13349.0,0.267,761066.0,36.0,1.0,,1.0,559967.0,13.042337755062642
Rahul Khan,41.0,,Salaried,37054.0,18300.0,92384.0,43.0,689.0,0.0,1.0,5866.0,0.158,589680.0,36.0,0.0,0.0,1.0,411198.0,13.226755296072099
Rahul Khan,33.0,,Self-Employed,52699.0,11272.0,46101.0,,,0.0,3.0,15698.0,0.298,856704.0,36.0,1.0,0.0,1.0,677816.0,12.688100498952634
Mohit Khan,35.0,Urban,Self-Employed,46456.0,8927.0,49853.0,71.0,691.0,0.0,0.0,1028.0,0.022,,24.0,,0.0,0.0,0.0,
Rohan Jain,34.0,Urban,Salaried,59530.0,20230.0,137254.0,12.0,835.0,,2.0,9891.0,0.166,1146688.0,48.0,1.0,,1.0,992929.0,11.740899803162998
Mohit Jain,18.0,Metro,Self-Employed,34469.0,3761.0,79282.0,59.0,733.0,1.0,0.0,10023.0,0.291,350694.0,36.0,,0.0,,0.0,
Ravi Jain,31.0,Urban,Salaried,40085.0,19040.0,84294.0,8.0,736.0,0.0,2.0,6291.0,0.157,620237.0,36.0,1.0,,1.0,485601.0,
Priya Khan,30.0,Metro,Self-Employed,39118.0,15380.0,87424.0,15.0,772.0,1.0,0.0,7386.0,0.189,,60.0,1.0,0.0,0.0,0.0,
Aaditya Verma,,Metro,Salaried,23047.0,1030.0,42794.0,15.0,724.0,0.0,2.0,4810.0,0.209,269341.0,12.0,1.0,0.0,0.0,,
Neha Sharma,,Urban,Self-Employed,49442.0,10323.0,55845.0,138.0,694.0,,0.0,6742.0,0.136,719752.0,,1.0,,1.0,566618.0,12.127597558415417
Rohan Khan,30.0,Rural,Salaried,,21501.0,66733.0,70.0,698.0,0.0,0.0,9209.0,0.188,636217.0,,1.0,,1.0,503975.0,12.078570439315573
Amit Jain,31.0,Metro,Salaried,45077.0,21293.0,43003.0,43.0,706.0,0.0,0.0,7902.0,0.175,,48.0,1.0,0.0,1.0,326005.0,12.711488477254129
Rohan Verma,39.0,Metro,Salaried,41481.0,,114949.0,47.0,708.0,0.0,1.0,11214.0,0.27,416935.0,48.0,1.0,0.0,0.0,0.0,
Aaditya Verma,31.0,Metro,Self-Employed,23769.0,,46551.0,30.0,754.0,0.0,2.0,324.0,0.014,309419.0,,1.0,0.0,1.0,232562.0,12.883913631886886
Rohan Singh,27.0,Metro,Self-Employed,38690.0,3231.0,58117.0,106.0,713.0,0.0,3.0,3261.0,0.084,661111.0,36.0,1.0,1.0,1.0,554159.0,12.217760387667875
Amit Jain,30.0,Rural,Salaried,39859.0,19753.0,65967.0,25.0,754.0,0.0,0.0,11365.0,0.285,748376.0,36.0,1.0,1.0,1.0,594479.0,12.056408246133802
Kunal Sharma,39.0,Urban,Salaried,32966.0,3819.0,94553.0,17.0,705.0,0.0,1.0,8805.0,0.267,297008.0,48.0,1.0,0.0,1.0,204221.0,13.324062531725765
Kunal Verma,35.0,Urban,Salaried,42581.0,20071.0,37615.0,6.0,715.0,,1.0,5821.0,0.137,541513.0,36.0,1.0,0.0,1.0,409740.0,12.63342234377604
Kunal Jain,32.0,Urban,Self-Employed,51061.0,16586.0,100364.0,56.0,590.0,0.0,0.0,9499.0,0.186,469912.0,36.0,1.0,0.0,1.0,341774.0,12.726844890649014
Sarthak Khan,33.0,Metro,Salaried,73293.0,22271.0,129342.0,48.0,765.0,0.0,1.0,6099.0,0.083,600937.0,60.0,1.0,0.0,1.0,473566.0,12.319536840573202
Rohan Jain,28.0,Urban,Self-Employed,47619.0,12207.0,96602.0,17.0,731.0,0.0,1.0,2687.0,0.056,759077.0,24.0,1.0,,1.0,612860.0,12.126246971805486
Sarthak Patel,31.0,Metro,Salaried,48863.0,5636.0,26644.0,1.0,770.0,0.0,2.0,6797.0,0.139,744154.0,24.0,1.0,0.0,,575546.0,12.665767288345998
Aaditya Khan,27.0,Urban,Salaried,43883.0,3873.0,117620.0,66.0,536.0,0.0,0.0,4652.0,0.106,,36.0,1.0,1.0,1.0,323080.0,
Rohan Patel,30.0,Rural,Salaried,16218.0,1788.0,45902.0,1.0,,,0.0,2840.0,0.175,175248.0,60.0,1.0,0.0,1.0,128666.0,12.658049721671773
Neha Verma,41.0,Urban,Salaried,44602.0,4158.0,85316.0,44.0,702.0,1.0,0.0,1040.0,0.023,369505.0,36.0,0.0,1.0,1.0,,13.930317560209584
Ravi Khan,24.0,Metro,Salaried,45903.0,17893.0,102897.0,127.0,776.0,0.0,0.0,13418.0,,827143.0,12.0,1.0,0.0,1.0,620385.0,12.499661434387509
Rohan Patel,27.0,Rural,Salaried,,14346.0,229969.0,21.0,648.0,0.0,4.0,24246.0,,1614091.0,36.0,1.0,1.0,1.0,1311539.0,12.674440096268661
Neha Verma,23.0,Metro,Self-Employed,42115.0,1218.0,95521.0,10.0,747.0,0.0,1.0,8821.0,0.209,405379.0,36.0,0.0,0.0,1.0,294453.0,12.936357126225944
Sarthak Patel,22.0,Metro,Salaried,49523.0,23996.0,43647.0,,647.0,0.0,2.0,7965.0,0.161,533744.0,24.0,1.0,0.0,1.0,392060.0,13.05452991818187
Kunal Singh,31.0,Metro,Salaried,44479.0,19655.0,86321.0,61.0,,,0.0,4130.0,0.093,819344.0,36.0,1.0,0.0,0.0,0.0,
Rahul Patel,28.0,Metro,Salaried,27470.0,12743.0,55401.0,28.0,825.0,0.0,1.0,6706.0,0.244,525160.0,60.0,1.0,0.0,1.0,395979.0,
Ravi Verma,44.0,Urban,Salaried,62142.0,,96962.0,123.0,699.0,0.0,2.0,12765.0,0.205,,36.0,1.0,,1.0,654706.0,12.317752405882333
Aaditya Khan,30.0,Urban,Salaried,56279.0,4893.0,131755.0,2.0,723.0,0.0,1.0,2746.0,0.049,484420.0,36.0,0.0,1.0,1.0,371172.0,12.537806407883664
Shruti Jain,41.0,Rural,Salaried,56865.0,11266.0,,25.0,762.0,0.0,1.0,,0.273,,36.0,0.0,1.0,1.0,370763.0,12.504622485115446
,39.0,Urban,Salaried,31359.0,11889.0,88242.0,46.0,740.0,0.0,2.0,7738.0,0.247,466854.0,24.0,1.0,0.0,0.0,0.0,
Aaditya Patel,31.0,Urban,Salaried,,22983.0,107457.0,71.0,719.0,0.0,1.0,18818.0,0.285,839707.0,48.0,1.0,1.0,1.0,673049.0,12.184712756047277
Aaditya Verma,47.0,Metro,,23972.0,1845.0,18772.0,7.0,732.0,0.0,3.0,5219.0,0.218,200018.0,36.0,0.0,0.0,1.0,140348.0,
Amit Sharma,34.0,Metro,Salaried,53803.0,21947.0,159370.0,58.0,854.0,0.0,2.0,9901.0,0.184,806993.0,36.0,1.0,0.0,,653619.0,12.300556932975661
Amit Singh,43.0,Urban,Salaried,77857.0,8737.0,202214.0,29.0,707.0,,1.0,9769.0,0.125,633416.0,36.0,1.0,0.0,1.0,,11.971136272971552
Rahul Khan,42.0,Metro,Salaried,30142.0,3373.0,,18.0,722.0,0.0,1.0,8434.0,,525932.0,36.0,,0.0,1.0,374803.0,13.073551041807596
Aaditya Singh,35.0,Rural,Govt,36506.0,9801.0,102294.0,5.0,773.0,0.0,2.0,9485.0,0.26,426288.0,36.0,1.0,0.0,1.0,317626.0,12.949023446585981
Kunal Singh,37.0,Metro,Salaried,46495.0,13784.0,124362.0,72.0,776.0,0.0,0.0,631.0,0.014,394422.0,12.0,1.0,0.0,1.0,302849.0,12.32171220186633
Rahul Verma,36.0,Metro,Self-Employed,37448.0,10862.0,67298.0,6.0,781.0,0.0,0.0,296.0,0.008,563975.0,48.0,1.0,0.0,,421501.0,12.526246522603591
Amit Patel,24.0,Metro,Salaried,21740.0,994.0,,13.0,748.0,0.0,1.0,2455.0,0.113,277668.0,60.0,0.0,1.0,1.0,213997.0,12.49304840291976
Amit Sharma,32.0,Metro,Self-Employed,46028.0,20194.0,68927.0,12.0,641.0,0.0,1.0,11192.0,0.243,906089.0,,1.0,0.0,0.0,0.0,
Amit Singh,40.0,Metro,Self-Employed,29065.0,3860.0,18512.0,74.0,,0.0,0.0,8609.0,0.296,422326.0,60.0,1.0,0.0,1.0,322393.0,12.366253267500834
Kunal Jain,43.0,Urban,Salaried,52104.0,3374.0,69715.0,40.0,641.0,0.0,1.0,2351.0,0.045,588925.0,24.0,1.0,0.0,1.0,465380.0,12.29780000146161
Rohan Singh,27.0,Metro,Govt,,13868.0,78245.0,57.0,728.0,,3.0,5563.0,0.178,515363.0,36.0,1.0,0.0,1.0,379480.0,13.236642682081763
Priya Sharma,,Urban,Salaried,68249.0,32611.0,34915.0,10.0,665.0,0.0,1.0,7799.0,,768341.0,36.0,,0.0,1.0,590407.0,12.515824564967374
Kunal Patel,33.0,Metro,Salaried,33251.0,14333.0,44348.0,35.0,706.0,0.0,0.0,9675.0,0.291,626812.0,36.0,1.0,0.0,0.0,0.0,
Neha Patel,31.0,Metro,Self-Employed,40169.0,16259.0,60070.0,31.0,730.0,0.0,0.0,10148.0,0.253,501978.0,36.0,1.0,0.0,1.0,357949.0,12.869230139308947
Amit Khan,34.0,Metro,Self-Employed,57203.0,18741.0,105453.0,64.0,729.0,1.0,1.0,14386.0,0.251,835074.0,36.0,1.0,0.0,,,14.230305187940255
Sarthak Verma,34.0,Rural,Salaried,26537.0,7309.0,74294.0,85.0,,0.0,3.0,3731.0,0.141,228401.0,24.0,0.0,0.0,1.0,158912.0,13.64239651876475
Neha Jain,,Metro,Salaried,48412.0,2106.0,66124.0,1.0,807.0,0.0,0.0,6025.0,0.124,634849.0,36.0,1.0,1.0,0.0,0.0,
,42.0,Urban,Salaried,64607.0,13194.0,88343.0,40.0,737.0,0.0,2.0,5299.0,0.082,1162174.0,24.0,,0.0,,892646.0,12.71917406501734
Neha Patel,37.0,Metro,Salaried,20888.0,3892.0,48956.0,2.0,695.0,0.0,0.0,353.0,0.017,369045.0,,1.0,0.0,1.0,264570.0,12.830959684319971
Priya Khan,34.0,Urban,Self-Employed,47770.0,6204.0,77891.0,29.0,768.0,0.0,4.0,12392.0,0.259,510748.0,24.0,1.0,1.0,0.0,0.0,
Rahul Singh,45.0,Metro,Salaried,,17687.0,51906.0,12.0,781.0,,1.0,11925.0,0.244,523842.0,12.0,1.0,0.0,1.0,395334.0,12.653191618456269
Rahul Patel,40.0,Urban,Salaried,56727.0,,92527.0,,636.0,0.0,0.0,17013.0,0.3,1010175.0,36.0,1.0,0.0,,791298.0,12.166727293049817
Mohit Sharma,31.0,Urban,Salaried,26446.0,1072.0,22536.0,16.0,746.0,0.0,1.0,7907.0,0.299,506832.0,36.0,0.0,1.0,0.0,0.0,
,23.0,Rural,Salaried,25193.0,2774.0,23706.0,35.0,752.0,0.0,2.0,4198.0,0.167,230373.0,48.0,1.0,0.0,1.0,185042.0,12.367741627593714
Amit Singh,25.0,Metro,Salaried,52829.0,18048.0,92235.0,15.0,692.0,0.0,2.0,12187.0,0.231,707946.0,,1.0,0.0,0.0,0.0,
Priya Khan,39.0,Metro,Salaried,49455.0,1883.0,76522.0,,793.0,0.0,,14017.0,0.283,595906.0,36.0,1.0,0.0,0.0,0.0,
Amit Verma,28.0,Metro,Govt,48757.0,20751.0,,19.0,701.0,0.0,1.0,12428.0,,899482.0,48.0,1.0,0.0,1.0,671411.0,12.735578272770274
,25.0,Rural,Self-Employed,50197.0,12427.0,70576.0,,718.0,0.0,1.0,3725.0,0.074,451888.0,36.0,,0.0,1.0,347617.0,12.507457246395449
Amit Khan,27.0,Urban,Salaried,34800.0,8362.0,,55.0,700.0,0.0,3.0,4704.0,0.135,366566.0,12.0,1.0,0.0,1.0,258957.0,13.535599672446429
Rahul Sharma,27.0,Urban,Self-Employed,48484.0,14361.0,100879.0,12.0,711.0,1.0,1.0,1879.0,0.039,825664.0,36.0,1.0,0.0,1.0,591068.0,14.541304591131468
Sarthak Patel,38.0,Metro,Self-Employed,49396.0,20368.0,26315.0,20.0,,0.0,0.0,14138.0,0.286,425573.0,60.0,1.0,0.0,1.0,297481.0,13.009863937073648
Priya Sharma,31.0,Metro,Self-Employed,34285.0,5962.0,74016.0,42.0,624.0,0.0,0.0,6235.0,,476919.0,36.0,1.0,0.0,0.0,0.0,
Kiran Singh,22.0,,Salaried,72987.0,24743.0,68979.0,15.0,806.0,0.0,0.0,5006.0,0.069,971113.0,,1.0,0.0,,0.0,
Neha Sharma,32.0,Rural,Salaried,,14739.0,151250.0,2.0,659.0,0.0,1.0,10500.0,0.202,625952.0,24.0,1.0,0.0,0.0,0.0,
Kunal Singh,34.0,Urban,Salaried,27130.0,3622.0,23648.0,17.0,651.0,0.0,,5031.0,0.185,345497.0,24.0,1.0,0.0,1.0,264537.0,12.343295025865096
,29.0,Rural,Salaried,54848.0,24096.0,84277.0,104.0,581.0,0.0,0.0,5893.0,0.107,787578.0,36.0,1.0,0.0,1.0,612302.0,12.225512129127726
Ravi Verma,40.0,Metro,Salaried,30380.0,12113.0,21672.0,37.0,672.0,0.0,1.0,1035.0,0.034,301868.0,36.0,1.0,1.0,1.0,248792.0,11.958243595202532
Rahul Jain,29.0,Urban,Salaried,56806.0,18702.0,169974.0,40.0,631.0,0.0,1.0,11445.0,0.201,844362.0,,1.0,,0.0,0.0,
Shruti Jain,40.0,Urban,Salaried,62379.0,26529.0,109506.0,,809.0,0.0,1.0,9737.0,0.156,1101937.0,60.0,1.0,0.0,1.0,896582.0,
Amit Verma,,Metro,Self-Employed,32690.0,,65003.0,8.0,,0.0,0.0,7574.0,0.232,559716.0,48.0,0.0,0.0,0.0,0.0,
Kunal Sharma,38.0,Rural,Salaried,59451.0,21056.0,39695.0,20.0,669.0,0.0,1.0,9277.0,0.156,585402.0,36.0,1.0,0.0,1.0,445977.0,12.581689080308106
Kunal Singh,24.0,Rural,Salaried,51192.0,21424.0,121576.0,50.0,845.0,1.0,0.0,13087.0,0.256,501221.0,48.0,1.0,,1.0,382526.0,13.868120113555257
Aaditya Sharma,33.0,Rural,Govt,57331.0,19993.0,58751.0,4.0,,0.0,0.0,9492.0,0.166,643144.0,12.0,0.0,0.0,1.0,492399.0,12.343870503385386
Ravi Sharma,32.0,Urban,Govt,73452.0,24979.0,201636.0,12.0,,0.0,0.0,12361.0,0.168,905876.0,,1.0,1.0,1.0,745994.0,
Sarthak Jain,22.0,Metro,Self-Employed,41319.0,12780.0,41850.0,12.0,560.0,1.0,0.0,10867.0,0.263,533076.0,36.0,1.0,0.0,0.0,0.0,
Priya Sharma,,Metro,Govt,33694.0,12681.0,,20.0,847.0,0.0,0.0,4078.0,0.121,544373.0,48.0,0.0,0.0,1.0,364731.0,13.299985774848842
Rohan Patel,,Rural,Salaried,31657.0,2510.0,18721.0,142.0,627.0,0.0,,1273.0,0.04,274788.0,,1.0,0.0,1.0,203572.0,12.99167179883637
Ravi Khan,28.0,Metro,Govt,32763.0,14430.0,55047.0,3.0,611.0,0.0,0.0,283.0,0.009,275736.0,24.0,1.0,1.0,1.0,214794.0,12.21016683679102
Sarthak Khan,25.0,Urban,Salaried,43843.0,19112.0,83832.0,26.0,771.0,,2.0,9932.0,0.227,556934.0,60.0,1.0,,0.0,0.0,
Kiran Sharma,37.0,Urban,Salaried,50117.0,733.0,33291.0,7.0,856.0,0.0,1.0,,0.186,820213.0,24.0,1.0,0.0,1.0,,12.091235371235413
Kunal Jain,21.0,Urban,,49150.0,20294.0,119868.0,127.0,,0.0,0.0,10382.0,,507288.0,48.0,,0.0,1.0,393519.0,12.242689066624083
Aaditya Singh,36.0,Rural,Salaried,57408.0,3699.0,93760.0,4.0,744.0,0.0,2.0,3668.0,0.064,901194.0,60.0,1.0,0.0,1.0,748209.0,12.09757871079751
Rohan Sharma,39.0,Metro,Salaried,45195.0,7573.0,81847.0,19.0,746.0,0.0,2.0,1849.0,0.041,502475.0,24.0,1.0,1.0,1.0,372742.0,
Ravi Patel,36.0,Metro,Salaried,66803.0,24834.0,107012.0,48.0,761.0,0.0,0.0,291.0,0.004,1244743.0,48.0,1.0,0.0,1.0,1004265.0,11.931947267985606
Shruti Verma,37.0,Metro,Self-Employed,41030.0,3298.0,61623.0,44.0,756.0,0.0,1.0,4315.0,0.105,,12.0,0.0,0.0,1.0,552546.0,13.017003804788983
Amit Jain,37.0,Metro,Salaried,85803.0,,162949.0,20.0,727.0,0.0,2.0,15185.0,0.177,992522.0,36.0,1.0,1.0,1.0,843330.0,11.903157620783318
Aaditya Verma,25.0,Metro,Salaried,54385.0,22628.0,48299.0,15.0,716.0,0.0,1.0,6400.0,0.118,585179.0,36.0,0.0,0.0,1.0,399819.0,13.367582915416275
Rahul Singh,42.0,Metro,Self-Employed,32143.0,8156.0,30691.0,18.0,706.0,0.0,3.0,4219.0,0.131,415791.0,36.0,0.0,1.0,1.0,325263.0,
Shruti Verma,29.0,,Salaried,28937.0,92.0,76812.0,11.0,665.0,1.0,1.0,7849.0,0.271,,60.0,,0.0,0.0,,
,,,Salaried,52237.0,,149674.0,8.0,693.0,0.0,0.0,5458.0,0.104,839376.0,36.0,1.0,0.0,1.0,656024.0,12.184381221076986
Amit Jain,30.0,Metro,Self-Employed,41648.0,12847.0,59693.0,24.0,608.0,0.0,0.0,6422.0,0.154,746031.0,36.0,1.0,1.0,1.0,571451.0,12.340115143985956
Kiran Khan,35.0,Metro,Salaried,55710.0,27331.0,65563.0,11.0,704.0,,2.0,13097.0,0.235,895656.0,48.0,0.0,0.0,1.0,691420.0,12.680292752913301
Mohit Jain,28.0,Rural,Salaried,52099.0,16458.0,109929.0,12.0,651.0,0.0,1.0,6198.0,0.119,932166.0,60.0,1.0,0.0,0.0,0.0,
Sarthak Jain,32.0,Metro,Govt,43908.0,5704.0,66821.0,38.0,644.0,0.0,,8194.0,0.187,560438.0,12.0,1.0,0.0,1.0,415286.0,12.789966620852582
Rahul Jain,23.0,Metro,Salaried,32298.0,10239.0,18199.0,125.0,721.0,0.0,1.0,8356.0,0.259,318969.0,60.0,1.0,,1.0,244230.0,12.54313093968505
,40.0,Metro,,22277.0,6015.0,19835.0,,794.0,,0.0,6346.0,0.285,375488.0,12.0,1.0,0.0,1.0,,12.71131397158759
Kunal Patel,,Urban,Self-Employed,38302.0,14935.0,87709.0,3.0,765.0,0.0,,1690.0,0.044,472099.0,48.0,1.0,1.0,1.0,,12.21675056140152
Mohit Sharma,30.0,Metro,Self-Employed,57846.0,3094.0,124213.0,3.0,616.0,0.0,0.0,16080.0,0.278,,24.0,1.0,,0.0,0.0,
Neha Patel,29.0,Rural,Salaried,48211.0,18345.0,27371.0,109.0,651.0,0.0,3.0,7118.0,0.148,542264.0,24.0,1.0,0.0,1.0,400492.0,13.214453108660335
,37.0,Metro,Salaried,26314.0,7121.0,27759.0,13.0,766.0,,1.0,,,236162.0,36.0,1.0,1.0,1.0,180434.0,12.559722246844657
Shruti Khan,27.0,Urban,Salaried,47598.0,22918.0,,3.0,,0.0,2.0,,0.138,947723.0,36.0,0.0,0.0,0.0,0.0,
Shruti Sharma,33.0,Metro,,50780.0,8680.0,110687.0,,,0.0,2.0,14930.0,,501423.0,36.0,1.0,0.0,1.0,397789.0,12.466807596518793
,40.0,Urban,Salaried,31742.0,10040.0,17435.0,35.0,743.0,0.0,1.0,4691.0,0.148,630430.0,12.0,0.0,0.0,1.0,442177.0,13.186107398355002
Kiran Verma,26.0,Urban,Salaried,47306.0,22045.0,35965.0,38.0,652.0,0.0,,4666.0,0.099,933222.0,36.0,1.0,1.0,1.0,,12.494779109523535
Amit Singh,35.0,Urban,Govt,45873.0,2351.0,114673.0,11.0,716.0,0.0,0.0,8717.0,0.19,,60.0,1.0,0.0,1.0,620606.0,
Ravi Sharma,,Urban,Salaried,27855.0,13053.0,26361.0,1.0,630.0,0.0,,2007.0,,443259.0,36.0,1.0,1.0,1.0,332118.0,12.707365969877355
,31.0,Urban,Salaried,50367.0,17323.0,107376.0,121.0,674.0,0.0,1.0,,0.023,752165.0,24.0,1.0,1.0,0.0,0.0,
Priya Singh,28.0,,Salaried,53412.0,1812.0,58511.0,10.0,729.0,0.0,0.0,2065.0,0.039,982419.0,,0.0,0.0,1.0,745339.0,12.413230316976417
Amit Khan,41.0,Rural,Self-Employed,61246.0,9216.0,,41.0,614.0,1.0,0.0,2353.0,0.038,702692.0,12.0,1.0,0.0,0.0,0.0,
,28.0,Urban,Salaried,60807.0,21531.0,67370.0,44.0,736.0,1.0,1.0,2771.0,,827715.0,48.0,0.0,1.0,1.0,638569.0,13.985157137864404
Neha Verma,19.0,Metro,Salaried,24335.0,819.0,56108.0,34.0,709.0,0.0,3.0,1014.0,0.042,375554.0,,1.0,0.0,0.0,0.0,
Shruti Patel,36.0,Metro,Self-Employed,30933.0,9004.0,81640.0,14.0,743.0,0.0,1.0,5947.0,0.192,400096.0,36.0,1.0,1.0,1.0,321005.0,12.176807632131466
Rahul Khan,24.0,Metro,Salaried,52726.0,9119.0,135798.0,11.0,723.0,0.0,0.0,2877.0,0.055,692284.0,36.0,1.0,1.0,1.0,562935.0,11.868433633313904
Sarthak Patel,37.0,Urban,Salaried,52707.0,16363.0,78689.0,33.0,792.0,0.0,0.0,5466.0,0.104,630556.0,48.0,1.0,0.0,1.0,481868.0,12.358044152586384
Kunal Verma,41.0,Metro,,,1206.0,114427.0,,718.0,0.0,1.0,14185.0,0.269,778804.0,,1.0,0.0,1.0,560660.0,13.001017883307
Kiran Sharma,36.0,Metro,Salaried,102791.0,44793.0,104072.0,106.0,684.0,0.0,4.0,14616.0,0.142,1871505.0,48.0,0.0,1.0,1.0,,11.83008344162744
Priya Patel,39.0,Rural,Salaried,53563.0,26071.0,66036.0,,717.0,0.0,0.0,10727.0,0.2,558038.0,36.0,1.0,1.0,1.0,442868.0,12.063845092186895
Rahul Patel,46.0,,Salaried,62033.0,30051.0,170022.0,6.0,,0.0,,3207.0,0.052,1191852.0,48.0,1.0,0.0,1.0,992965.0,11.868718735114426
Shruti Patel,39.0,Rural,Salaried,59310.0,22231.0,31583.0,104.0,713.0,0.0,2.0,3421.0,0.058,964917.0,36.0,1.0,0.0,1.0,715578.0,12.984041757618364
Priya Khan,34.0,Metro,Salaried,54771.0,3562.0,39094.0,48.0,712.0,0.0,1.0,672.0,0.012,979266.0,36.0,1.0,0.0,1.0,852565.0,11.493833816495517
Ravi Verma,43.0,,Self-Employed,40271.0,15268.0,41065.0,77.0,,0.0,1.0,2041.0,0.051,590948.0,60.0,1.0,0.0,1.0,461793.0,12.38556329466251
Rohan Patel,44.0,Metro,Govt,56385.0,693.0,31933.0,8.0,670.0,0.0,1.0,4712.0,0.084,,36.0,1.0,0.0,1.0,750560.0,12.52962170147161
Neha Khan,44.0,Metro,Self-Employed,33408.0,370.0,31857.0,32.0,626.0,0.0,0.0,1774.0,0.053,273759.0,36.0,1.0,0.0,0.0,0.0,
Rohan Verma,29.0,Metro,Self-Employed,41448.0,6706.0,81139.0,43.0,815.0,0.0,0.0,1103.0,0.027,738627.0,24.0,1.0,0.0,1.0,604220.0,11.819681616465274
Rohan Khan,23.0,Metro,Salaried,37720.0,9216.0,58600.0,,635.0,0.0,2.0,1365.0,0.036,319928.0,36.0,1.0,0.0,1.0,244677.0,12.752108198888557
,28.0,Metro,Govt,,,126280.0,19.0,668.0,0.0,0.0,6390.0,0.138,863491.0,36.0,1.0,0.0,1.0,654850.0,12.416249082328221
Kiran Jain,,,Salaried,79720.0,,202777.0,1.0,667.0,0.0,1.0,4935.0,0.062,1586711.0,24.0,1.0,0.0,1.0,1286774.0,12.090304952473371
Neha Sharma,33.0,Metro,Govt,16991.0,3788.0,23015.0,31.0,764.0,0.0,2.0,1857.0,0.109,195886.0,12.0,1.0,0.0,1.0,147805.0,12.854535015806517
Priya Khan,31.0,Urban,Govt,,7565.0,63508.0,11.0,692.0,0.0,0.0,8351.0,0.151,581904.0,36.0,1.0,0.0,1.0,417992.0,12.816821357681114
Rahul Khan,,Urban,Self-Employed,20809.0,10375.0,30157.0,22.0,785.0,0.0,2.0,4310.0,0.207,,48.0,1.0,0.0,1.0,259480.0,13.143622560295158
Aaditya Singh,22.0,,Govt,37921.0,8081.0,74922.0,114.0,670.0,0.0,0.0,447.0,0.012,418508.0,36.0,1.0,0.0,1.0,295881.0,12.930088726224415
Priya Patel,33.0,Urban,Salaried,61334.0,13843.0,71771.0,18.0,727.0,0.0,1.0,14709.0,0.24,1127733.0,24.0,1.0,0.0,1.0,897214.0,12.244092576088425
,40.0,Metro,Salaried,45964.0,3760.0,94703.0,,660.0,0.0,2.0,8658.0,0.188,424437.0,36.0,1.0,0.0,1.0,307394.0,13.157604535114414
Shruti Singh,36.0,Urban,Salaried,28834.0,11459.0,43929.0,8.0,839.0,1.0,0.0,707.0,0.025,274254.0,12.0,1.0,1.0,1.0,193810.0,14.433207014093192
Ravi Jain,37.0,Metro,Salaried,34270.0,11886.0,64432.0,40.0,639.0,0.0,0.0,8981.0,0.262,676826.0,,1.0,0.0,1.0,466675.0,13.104943536663036
Rahul Jain,,Metro,Salaried,55194.0,,87776.0,136.0,729.0,0.0,1.0,15248.0,0.276,887854.0,24.0,1.0,1.0,1.0,709532.0,12.208462703043448
,32.0,Metro,Salaried,34045.0,1402.0,,4.0,748.0,0.0,0.0,624.0,,618347.0,24.0,1.0,0.0,1.0,472024.0,12.366359455607867
Kunal Patel,27.0,Urban,Govt,48247.0,16416.0,138524.0,,735.0,0.0,1.0,,0.083,573751.0,24.0,1.0,0.0,1.0,426871.0,12.75999213800684
Priya Verma,,Rural,,45684.0,14950.0,110053.0,20.0,699.0,0.0,0.0,11049.0,0.242,736326.0,36.0,0.0,1.0,1.0,,13.03770688515675
Kunal Sharma,40.0,Metro,Self-Employed,35226.0,4813.0,29952.0,3.0,702.0,0.0,1.0,7907.0,0.224,533001.0,12.0,1.0,0.0,1.0,392951.0,12.82757710564645
Priya Patel,36.0,Urban,Govt,77159.0,36684.0,206105.0,50.0,713.0,0.0,1.0,4271.0,0.055,1175734.0,36.0,1.0,0.0,1.0,942730.0,12.181770960865212
Amit Sharma,31.0,Urban,Govt,54509.0,4117.0,93678.0,89.0,701.0,0.0,4.0,3423.0,0.063,882522.0,36.0,1.0,0.0,1.0,683505.0,13.055089787766349
Sarthak Sharma,,Rural,Govt,14623.0,3161.0,40014.0,20.0,768.0,0.0,2.0,1625.0,0.111,217946.0,36.0,0.0,0.0,0.0,0.0,
Aaditya Khan,23.0,Rural,Salaried,47797.0,22551.0,119475.0,11.0,843.0,0.0,0.0,6948.0,0.145,628471.0,36.0,1.0,,,0.0,
Mohit Jain,40.0,Urban,,35073.0,7361.0,54820.0,,677.0,0.0,1.0,6505.0,0.185,,48.0,0.0,0.0,1.0,289061.0,12.913605676965597
Priya Singh,40.0,Urban,Self-Employed,57787.0,,32140.0,46.0,628.0,0.0,1.0,6396.0,0.111,995264.0,24.0,1.0,0.0,1.0,763768.0,12.525977887337259
Priya Sharma,23.0,Rural,Salaried,33112.0,6583.0,,1.0,705.0,0.0,2.0,4595.0,0.139,,36.0,1.0,0.0,1.0,260169.0,13.067244710973753
Rohan Sharma,38.0,Metro,Salaried,43279.0,5934.0,80243.0,32.0,865.0,0.0,0.0,9705.0,0.224,705805.0,12.0,1.0,1.0,1.0,577538.0,11.817312728222102
Kunal Khan,35.0,Metro,Self-Employed,,25866.0,109550.0,34.0,662.0,0.0,0.0,579.0,0.011,567810.0,12.0,1.0,0.0,1.0,434786.0,
Aaditya Sharma,25.0,Metro,Salaried,57986.0,11868.0,66378.0,37.0,808.0,0.0,0.0,4391.0,0.076,899013.0,36.0,0.0,0.0,1.0,659175.0,12.667792702979742
Kiran Khan,24.0,Rural,Salaried,26996.0,12069.0,22903.0,10.0,811.0,1.0,0.0,5777.0,0.214,457985.0,36.0,1.0,1.0,1.0,345423.0,13.957771153428723
Rohan Sharma,35.0,Rural,Self-Employed,39982.0,4597.0,103446.0,45.0,677.0,0.0,0.0,10738.0,,424791.0,48.0,1.0,0.0,1.0,321744.0,12.425822319714808
Rahul Jain,29.0,Metro,Salaried,37876.0,4036.0,112151.0,3.0,744.0,,0.0,,0.154,330253.0,36.0,1.0,0.0,1.0,269962.0,11.825586042939138
Shruti Jain,45.0,Urban,Salaried,,548.0,63861.0,8.0,808.0,0.0,2.0,5619.0,0.16,336923.0,60.0,1.0,0.0,1.0,,12.02418656046111
Rahul Singh,39.0,Urban,Self-Employed,71482.0,23291.0,66421.0,76.0,687.0,,1.0,2298.0,0.032,1091671.0,12.0,1.0,0.0,1.0,842706.0,12.480589424407954
Mohit Jain,35.0,Metro,Salaried,,9411.0,60308.0,48.0,698.0,0.0,1.0,6855.0,0.134,929226.0,12.0,1.0,0.0,1.0,704251.0,12.621096941995875
Shruti Khan,36.0,Rural,Salaried,26087.0,11274.0,14243.0,1.0,675.0,1.0,1.0,4168.0,0.16,,12.0,0.0,,1.0,164405.0,14.32035790574502
Aaditya Patel,41.0,,Salaried,58768.0,13905.0,163713.0,10.0,649.0,0.0,3.0,4275.0,0.073,987879.0,24.0,1.0,1.0,1.0,,12.569680376666186
Neha Sharma,38.0,,,76832.0,37194.0,61034.0,9.0,671.0,0.0,1.0,6206.0,0.081,929346.0,36.0,1.0,0.0,1.0,755070.0,12.075249076620473
Ravi Sharma,35.0,Urban,Govt,60487.0,5611.0,117423.0,11.0,637.0,0.0,1.0,6846.0,0.113,831233.0,36.0,1.0,0.0,0.0,0.0,
Rahul Khan,25.0,Urban,Salaried,22209.0,,26321.0,10.0,712.0,0.0,,134.0,0.006,,12.0,1.0,0.0,1.0,318575.0,12.708023752872114
Priya Patel,53.0,Metro,Salaried,37736.0,14653.0,71149.0,2.0,664.0,0.0,0.0,3646.0,0.097,452215.0,60.0,1.0,0.0,1.0,362851.0,11.976147109002165
Kiran Jain,24.0,Urban,Salaried,64004.0,24671.0,136236.0,22.0,724.0,0.0,3.0,,0.063,869433.0,48.0,0.0,1.0,1.0,730705.0,12.195619981380611
Priya Patel,30.0,Urban,Salaried,,14524.0,88519.0,48.0,,0.0,1.0,,0.098,280726.0,24.0,,0.0,0.0,0.0,
Shruti Khan,20.0,Metro,Self-Employed,,19656.0,52486.0,34.0,730.0,0.0,1.0,1856.0,0.036,463838.0,12.0,1.0,0.0,1.0,360250.0,12.43327891440671
Rahul Verma,36.0,Metro,Self-Employed,56620.0,17728.0,29866.0,40.0,760.0,0.0,1.0,15126.0,0.267,628657.0,24.0,1.0,1.0,1.0,485108.0,12.483430436416935
Aaditya Jain,33.0,Urban,Salaried,31096.0,2041.0,26189.0,3.0,590.0,0.0,2.0,5538.0,0.178,259161.0,24.0,0.0,0.0,0.0,0.0,
Ravi Khan,37.0,Metro,Salaried,44107.0,717.0,121296.0,109.0,732.0,0.0,2.0,8986.0,0.204,687033.0,,1.0,0.0,,0.0,
Rahul Khan,20.0,Rural,,,,21478.0,66.0,784.0,0.0,2.0,1894.0,0.237,104934.0,36.0,1.0,0.0,1.0,74680.0,13.283104164308012
Amit Jain,40.0,Rural,,29634.0,9137.0,59076.0,59.0,637.0,0.0,0.0,4431.0,0.15,431997.0,24.0,1.0,,1.0,343350.0,12.052026212701325
Kiran Patel,26.0,Rural,Self-Employed,41211.0,16413.0,,62.0,810.0,0.0,0.0,1075.0,0.026,416057.0,36.0,1.0,,,335001.0,11.948189951718962
Kiran Singh,31.0,Metro,Salaried,26283.0,6328.0,56839.0,97.0,735.0,0.0,1.0,4235.0,0.161,,60.0,1.0,1.0,1.0,245543.0,12.11228791523314
Rohan Patel,39.0,Rural,Salaried,69486.0,4076.0,65208.0,28.0,668.0,0.0,,12233.0,0.176,1109406.0,36.0,1.0,0.0,1.0,903585.0,12.05523562810776
Aaditya Singh,34.0,Metro,Salaried,,1474.0,65605.0,8.0,707.0,0.0,3.0,5266.0,0.224,461155.0,60.0,1.0,1.0,1.0,337948.0,13.271713120804135
Mohit Singh,34.0,Metro,Govt,38399.0,13163.0,59400.0,35.0,743.0,0.0,2.0,4973.0,0.13,330423.0,,1.0,1.0,,253897.0,12.716006248307623
Amit Sharma,38.0,Metro,Govt,46961.0,10104.0,68462.0,49.0,715.0,0.0,1.0,1797.0,0.038,,36.0,1.0,0.0,1.0,663424.0,
Sarthak Jain,35.0,Metro,Salaried,66619.0,6679.0,119734.0,48.0,742.0,0.0,0.0,5671.0,0.085,994127.0,36.0,1.0,0.0,1.0,751563.0,12.439966353306145
,30.0,Urban,Self-Employed,23462.0,5767.0,14486.0,27.0,655.0,0.0,2.0,2556.0,0.109,346464.0,12.0,1.0,0.0,1.0,249758.0,13.191226597778142
Kiran Khan,31.0,Urban,Salaried,62447.0,2005.0,,3.0,720.0,0.0,1.0,12101.0,0.194,874467.0,12.0,1.0,0.0,1.0,608378.0,13.242867904160544
Kiran Verma,33.0,Metro,Salaried,45153.0,13139.0,105888.0,17.0,625.0,0.0,2.0,7732.0,0.171,398824.0,36.0,1.0,0.0,1.0,300858.0,
Neha Singh,26.0,Urban,Self-Employed,30277.0,4072.0,21406.0,91.0,703.0,0.0,2.0,3234.0,0.107,274870.0,36.0,,0.0,1.0,204572.0,12.95751201876581
Ravi Patel,39.0,Metro,Govt,,20709.0,104273.0,32.0,656.0,0.0,,15370.0,0.296,789935.0,36.0,1.0,0.0,1.0,,12.665939047240892
Rohan Jain,34.0,,,47986.0,7447.0,53426.0,28.0,666.0,,2.0,8721.0,0.182,580223.0,36.0,1.0,0.0,1.0,453383.0,12.586048984617753
Aaditya Verma,33.0,Metro,Salaried,,8193.0,53032.0,11.0,784.0,0.0,0.0,2562.0,0.071,684203.0,,1.0,0.0,0.0,0.0,
Amit Sharma,40.0,Rural,Salaried,46047.0,268.0,56257.0,17.0,775.0,0.0,0.0,1406.0,0.031,593043.0,12.0,0.0,0.0,1.0,481060.0,11.88827762697531
Ravi Patel,31.0,Rural,,39220.0,1421.0,54484.0,81.0,747.0,0.0,1.0,1799.0,,381194.0,36.0,1.0,0.0,1.0,301952.0,
Priya Khan,31.0,Urban,,46703.0,9165.0,107306.0,40.0,644.0,,0.0,,0.074,774178.0,24.0,,1.0,1.0,567131.0,12.674414379793177
Kunal Khan,29.0,Metro,Salaried,54932.0,13182.0,68270.0,56.0,691.0,0.0,1.0,2648.0,0.048,632830.0,12.0,1.0,0.0,1.0,490456.0,12.449806168049392
Ravi Khan,34.0,Metro,Salaried,68790.0,20638.0,131802.0,22.0,783.0,0.0,3.0,3850.0,0.056,984085.0,60.0,1.0,0.0,1.0,744534.0,13.034254287624423
Priya Jain,34.0,Rural,Self-Employed,26433.0,3855.0,44675.0,36.0,719.0,0.0,0.0,2261.0,,432814.0,36.0,1.0,1.0,0.0,0.0,
Rahul Singh,27.0,Metro,Salaried,76996.0,26755.0,166248.0,10.0,849.0,0.0,3.0,4005.0,0.052,1447769.0,48.0,1.0,0.0,1.0,1218932.0,12.180618063533672
,31.0,Metro,,15719.0,6760.0,44675.0,44.0,734.0,0.0,3.0,4229.0,0.269,275181.0,36.0,,1.0,,0.0,
Kunal Sharma,27.0,Metro,Govt,42723.0,16659.0,99606.0,20.0,722.0,0.0,2.0,1028.0,0.024,688538.0,36.0,1.0,0.0,,518093.0,12.875463649010637
Shruti Patel,27.0,Urban,Salaried,53825.0,1066.0,55835.0,,691.0,0.0,1.0,8470.0,0.157,869575.0,24.0,0.0,0.0,0.0,0.0,
Amit Patel,20.0,Urban,Salaried,49215.0,11824.0,28444.0,38.0,718.0,0.0,1.0,6059.0,,952364.0,12.0,1.0,,0.0,0.0,
Rohan Jain,30.0,Rural,Salaried,35660.0,1871.0,41211.0,,701.0,0.0,0.0,10509.0,0.295,411869.0,24.0,1.0,0.0,1.0,292013.0,12.910048958042218
Rohan Sharma,20.0,Metro,,41878.0,5068.0,83241.0,2.0,752.0,0.0,0.0,1408.0,0.034,335583.0,48.0,1.0,0.0,0.0,0.0,
Kunal Sharma,29.0,Metro,Salaried,37605.0,18552.0,23637.0,63.0,767.0,0.0,0.0,4488.0,0.119,423562.0,36.0,1.0,0.0,1.0,328463.0,12.245208756922004
Sarthak Patel,28.0,Rural,Salaried,36160.0,2576.0,62952.0,12.0,663.0,1.0,2.0,10517.0,0.291,383827.0,36.0,1.0,0.0,0.0,0.0,
,39.0,,Self-Employed,57744.0,14404.0,115032.0,21.0,630.0,,,,0.26,920556.0,36.0,1.0,0.0,0.0,0.0,
Sarthak Jain,25.0,Metro,Salaried,50355.0,15564.0,67255.0,1.0,,0.0,0.0,12343.0,0.245,785767.0,60.0,0.0,0.0,1.0,512224.0,13.481218650340985
Priya Sharma,27.0,Urban,Govt,34606.0,12155.0,83998.0,13.0,740.0,0.0,2.0,2677.0,0.077,523296.0,12.0,1.0,0.0,1.0,379195.0,13.15372766568399
Shruti Sharma,29.0,Metro,,58494.0,16368.0,44835.0,25.0,644.0,0.0,0.0,2999.0,0.051,479354.0,,1.0,0.0,1.0,370217.0,12.276752929268387
Rohan Khan,28.0,Rural,Salaried,49609.0,242.0,34123.0,2.0,581.0,0.0,0.0,9951.0,0.201,830719.0,36.0,1.0,0.0,1.0,555501.0,13.31300854243098
,42.0,,Salaried,57193.0,9336.0,132715.0,,,0.0,1.0,15946.0,0.279,679588.0,48.0,1.0,1.0,1.0,521946.0,12.519675846600897
Amit Patel,24.0,Rural,Salaried,54444.0,14093.0,94663.0,94.0,860.0,0.0,0.0,9094.0,,870052.0,60.0,1.0,0.0,1.0,688923.0,12.081822307220502
