name,age,city_tier,employment_type,monthly_income,bank_avg_balance_6m,existing_emi,dti,cibil_score,past_defaults,inquiries_6m,job_tenure_months,vehicle_type,vehicle_price,down_payment,loan_amount_requested,tenure_requested_months,insurer_present,co_applicant,loan_status,approved_amount,interest_rate
Deepak Mishra_0,46.0,Metro,Govt,86069.0,133148.0,14277.0,0.296,683.0,0.0,1.0,27.0,Two-Wheeler,1221364.0,73095.0,145438.0,24.0,1.0,0.0,1,1117374.0,11.58
Priya Singh_1,32.0,Metro,Salaried,,25559.0,3812.0,0.216,628.0,0.0,4.0,50.0,Four-Wheeler,330466.0,127886.0,,12.0,1.0,0.0,1,902458.0,12.18
Rahul Sharma_2,,Rural,Self-Employed,13801.0,98396.0,17844.0,0.447,607.0,2.0,2.0,95.0,Four-Wheeler,500930.0,295711.0,814448.0,24.0,1.0,0.0,1,201604.0,12.83
Sunita Chauhan_3,38.0,Rural,Salaried,27190.0,,18117.0,0.411,575.0,0.0,5.0,79.0,Four-Wheeler,1448616.0,45292.0,284528.0,60.0,0.0,1.0,1,110130.0,14.37
Rohit Kumar_4,36.0,Metro,Govt,57689.0,26732.0,1605.0,0.177,775.0,2.0,1.0,115.0,Two-Wheeler,1160868.0,84813.0,,,0.0,,0,808596.0,15.07
Neha Jain_5,40.0,Metro,Self-Employed,58993.0,96362.0,,0.137,834.0,,5.0,23.0,Four-Wheeler,603343.0,107136.0,,48.0,1.0,0.0,0,690955.0,11.45
Neha Jain_6,28.0,Metro,,37592.0,166426.0,6767.0,0.196,553.0,0.0,5.0,88.0,Two-Wheeler,355035.0,61631.0,,12.0,1.0,0.0,1,30257.0,15.11
Amit Verma_7,28.0,Metro,Govt,18647.0,,11613.0,,648.0,1.0,5.0,44.0,Four-Wheeler,1451256.0,19885.0,724293.0,36.0,0.0,0.0,1,407427.0,13.98
Sunita Chauhan_8,41.0,Urban,Govt,16716.0,119065.0,19901.0,0.141,588.0,1.0,2.0,77.0,Four-Wheeler,318448.0,195378.0,828258.0,12.0,0.0,1.0,0,882421.0,
Priya Singh_9,53.0,Metro,Govt,96891.0,76726.0,10589.0,0.316,820.0,,3.0,22.0,Four-Wheeler,1258948.0,59812.0,350170.0,24.0,1.0,1.0,1,922736.0,11.5
Deepak Mishra_10,41.0,Rural,Govt,95545.0,,13918.0,,834.0,2.0,5.0,43.0,Four-Wheeler,991763.0,191572.0,141668.0,36.0,0.0,0.0,1,,
Sunita Chauhan_11,20.0,Metro,Govt,,57528.0,13046.0,0.281,,1.0,0.0,37.0,Four-Wheeler,141006.0,54900.0,786988.0,24.0,1.0,1.0,0,1101267.0,
Arjun Mehta_12,39.0,Urban,Govt,78316.0,43413.0,2590.0,,624.0,1.0,4.0,,Four-Wheeler,179350.0,,568333.0,60.0,0.0,0.0,0,418829.0,13.76
Suresh Nair_13,19.0,Rural,Govt,10368.0,57638.0,17447.0,0.154,837.0,1.0,2.0,,Two-Wheeler,738725.0,82692.0,201948.0,24.0,1.0,0.0,0,538314.0,
Priya Singh_14,41.0,Urban,Salaried,85575.0,188808.0,4324.0,0.475,679.0,0.0,1.0,56.0,Two-Wheeler,,237208.0,505662.0,60.0,1.0,,1,749450.0,13.28
Kavita Yadav_15,47.0,Metro,Self-Employed,14655.0,115133.0,10787.0,0.384,724.0,0.0,2.0,3.0,Four-Wheeler,838768.0,56403.0,634390.0,60.0,0.0,1.0,1,1341628.0,
Vikas Patel_16,19.0,Rural,Self-Employed,78031.0,111357.0,,0.079,,2.0,1.0,63.0,Four-Wheeler,256487.0,101170.0,334063.0,24.0,1.0,0.0,0,543898.0,14.68
Rahul Sharma_17,38.0,Metro,Salaried,84429.0,155159.0,5342.0,0.436,571.0,2.0,2.0,118.0,Two-Wheeler,147852.0,281312.0,269877.0,24.0,1.0,0.0,0,1226294.0,15.14
Rahul Sharma_18,50.0,Rural,Govt,99083.0,177502.0,16389.0,0.249,,0.0,1.0,19.0,Four-Wheeler,1237169.0,69871.0,973692.0,60.0,1.0,1.0,1,325329.0,12.33
Priya Singh_19,29.0,Rural,Self-Employed,95922.0,160576.0,8659.0,0.448,744.0,2.0,5.0,23.0,Four-Wheeler,777067.0,42174.0,237770.0,36.0,0.0,0.0,0,,12.09
Neha Jain_20,39.0,Rural,Govt,63766.0,143186.0,,0.402,785.0,0.0,3.0,29.0,Four-Wheeler,728841.0,240823.0,662613.0,60.0,0.0,1.0,1,,14.25
Neha Jain_21,42.0,Urban,Self-Employed,21403.0,83859.0,,0.218,641.0,1.0,1.0,30.0,Two-Wheeler,330618.0,233563.0,697673.0,48.0,0.0,0.0,1,1041482.0,
Suresh Nair_22,44.0,Metro,Govt,40097.0,104657.0,117.0,0.021,570.0,1.0,1.0,39.0,Four-Wheeler,1276408.0,147653.0,964447.0,60.0,1.0,0.0,0,1270699.0,10.94
Kavita Yadav_23,45.0,Urban,Salaried,86657.0,147047.0,13917.0,,633.0,2.0,0.0,108.0,Four-Wheeler,892150.0,120155.0,,36.0,0.0,1.0,0,822614.0,11.91
Rahul Sharma_24,33.0,Urban,Govt,18966.0,16023.0,18935.0,0.275,811.0,0.0,1.0,111.0,Two-Wheeler,1405349.0,,1042145.0,48.0,1.0,1.0,1,918074.0,12.59
Suresh Nair_25,,Metro,Self-Employed,60921.0,26447.0,14309.0,,696.0,0.0,0.0,25.0,Four-Wheeler,,137795.0,625730.0,12.0,1.0,1.0,0,,11.96
Neha Jain_26,20.0,Metro,Govt,57726.0,130899.0,13234.0,0.136,806.0,2.0,4.0,101.0,Two-Wheeler,,98668.0,1118423.0,12.0,0.0,1.0,0,865256.0,12.16
Sunita Chauhan_27,54.0,Metro,Self-Employed,58300.0,28959.0,5560.0,0.078,607.0,0.0,5.0,111.0,Four-Wheeler,510385.0,223397.0,1127229.0,36.0,0.0,1.0,0,917.0,11.97
Deepak Mishra_28,24.0,Rural,Govt,30677.0,71203.0,846.0,0.419,564.0,1.0,0.0,8.0,Four-Wheeler,833301.0,155639.0,338766.0,60.0,1.0,1.0,0,1012544.0,10.71
Sunita Chauhan_29,38.0,Urban,Self-Employed,63609.0,124156.0,10954.0,0.492,,2.0,3.0,106.0,Four-Wheeler,362813.0,249141.0,1146418.0,24.0,1.0,1.0,1,851007.0,13.69
Suresh Nair_30,26.0,Urban,Self-Employed,64661.0,165775.0,13703.0,0.268,712.0,2.0,5.0,58.0,Four-Wheeler,1307669.0,106019.0,292647.0,36.0,0.0,0.0,1,,13.49
Vikas Patel_31,35.0,Urban,,39024.0,14337.0,15385.0,0.094,830.0,0.0,0.0,16.0,Four-Wheeler,1076657.0,38803.0,104761.0,48.0,0.0,0.0,1,777475.0,13.77
Neha Jain_32,21.0,Urban,Govt,78313.0,51427.0,13746.0,,829.0,2.0,5.0,72.0,Two-Wheeler,1429904.0,159302.0,818022.0,48.0,0.0,0.0,1,1087680.0,11.46
Pooja Reddy_33,42.0,,Self-Employed,61006.0,66529.0,6469.0,0.019,,0.0,5.0,1.0,Two-Wheeler,1111716.0,158934.0,686246.0,12.0,1.0,1.0,0,,
Kavita Yadav_34,31.0,Rural,Govt,23338.0,107023.0,9333.0,0.458,823.0,0.0,5.0,108.0,Two-Wheeler,1487188.0,240147.0,950370.0,48.0,1.0,1.0,0,279143.0,13.6
Rohit Kumar_35,26.0,Metro,Salaried,76027.0,89665.0,16608.0,0.068,820.0,0.0,4.0,,Two-Wheeler,588645.0,40795.0,348768.0,36.0,1.0,1.0,1,262091.0,13.5
Manoj Tiwari_36,43.0,Rural,Salaried,,,12819.0,0.292,757.0,0.0,3.0,3.0,Four-Wheeler,1210248.0,280914.0,708152.0,48.0,1.0,0.0,1,403157.0,13.03
Rekha Iyer_37,19.0,Rural,Self-Employed,27508.0,,4208.0,0.144,576.0,0.0,2.0,,Four-Wheeler,380817.0,21093.0,422980.0,36.0,1.0,1.0,0,585457.0,12.25
Rahul Sharma_38,37.0,Rural,Govt,11051.0,38307.0,6283.0,0.282,621.0,2.0,2.0,4.0,Two-Wheeler,782303.0,289713.0,1058336.0,24.0,0.0,1.0,1,1203118.0,15.06
Manoj Tiwari_39,45.0,Metro,Self-Employed,56747.0,163427.0,2048.0,0.329,609.0,1.0,0.0,104.0,Four-Wheeler,670399.0,283334.0,801198.0,,0.0,0.0,1,1178320.0,12.2
Manoj Tiwari_40,24.0,Metro,Govt,95142.0,132016.0,6233.0,0.417,694.0,1.0,5.0,99.0,Four-Wheeler,914690.0,,1188932.0,48.0,1.0,1.0,0,59821.0,12.78
Amit Verma_41,25.0,Urban,Govt,95235.0,9835.0,12941.0,0.111,642.0,2.0,0.0,96.0,Four-Wheeler,456140.0,173399.0,62727.0,36.0,1.0,0.0,1,1266317.0,13.89
Sunita Chauhan_42,52.0,Rural,Salaried,62021.0,25159.0,12607.0,0.015,557.0,2.0,4.0,64.0,Two-Wheeler,1167862.0,50197.0,360615.0,60.0,0.0,0.0,0,249265.0,13.22
Vikas Patel_43,31.0,Urban,Govt,,183677.0,9765.0,0.077,628.0,1.0,4.0,106.0,Two-Wheeler,143269.0,,661211.0,12.0,0.0,1.0,0,437651.0,12.23
Anjali Gupta_44,34.0,Metro,Govt,,126790.0,,0.451,576.0,1.0,,98.0,Four-Wheeler,308635.0,167584.0,454376.0,,,1.0,1,1262703.0,12.68
Rohit Kumar_45,53.0,Metro,Self-Employed,,110616.0,,0.438,723.0,1.0,4.0,,Two-Wheeler,1172647.0,145450.0,31390.0,36.0,0.0,1.0,0,274336.0,
Amit Verma_46,21.0,Metro,Self-Employed,40093.0,174160.0,6988.0,0.303,599.0,1.0,1.0,89.0,Four-Wheeler,1319671.0,50583.0,651040.0,24.0,1.0,0.0,1,1384822.0,11.89
Neha Jain_47,19.0,Metro,Govt,77678.0,83752.0,18410.0,0.304,748.0,1.0,3.0,10.0,Two-Wheeler,563317.0,170105.0,957635.0,24.0,0.0,,0,203834.0,
Manoj Tiwari_48,23.0,Rural,,88738.0,60284.0,,0.336,730.0,0.0,0.0,21.0,Four-Wheeler,1129227.0,,989831.0,48.0,1.0,0.0,1,1135371.0,12.07
Anjali Gupta_49,21.0,Urban,Self-Employed,47734.0,62043.0,12977.0,0.096,,2.0,3.0,46.0,Four-Wheeler,120202.0,216940.0,769078.0,48.0,0.0,1.0,1,1213735.0,14.75
Priya Singh_50,46.0,Metro,Self-Employed,80615.0,171619.0,9.0,0.458,595.0,0.0,4.0,,Four-Wheeler,1147353.0,236727.0,41281.0,36.0,0.0,1.0,1,328821.0,10.94
Priya Singh_51,35.0,Urban,Salaried,81523.0,102007.0,16644.0,0.215,564.0,1.0,3.0,91.0,Four-Wheeler,198066.0,83869.0,74189.0,60.0,0.0,1.0,0,659987.0,15.46
Vikas Patel_52,43.0,Metro,Self-Employed,25019.0,87844.0,9865.0,,702.0,1.0,3.0,27.0,Four-Wheeler,903695.0,277554.0,282093.0,36.0,1.0,1.0,0,243877.0,13.21
Priya Singh_53,51.0,Urban,Govt,91613.0,32532.0,2219.0,0.264,771.0,1.0,3.0,66.0,Four-Wheeler,240706.0,197116.0,382462.0,60.0,1.0,0.0,1,1247874.0,15.42
Anjali Gupta_54,,Urban,Govt,99794.0,170421.0,,0.033,755.0,0.0,4.0,41.0,Four-Wheeler,674446.0,204387.0,414597.0,24.0,,0.0,0,920759.0,15.19
Rekha Iyer_55,53.0,Metro,Govt,94672.0,127402.0,18444.0,0.091,822.0,0.0,5.0,,Four-Wheeler,847232.0,212416.0,826242.0,12.0,1.0,0.0,1,136285.0,12.76
Anjali Gupta_56,31.0,Metro,Self-Employed,81847.0,123012.0,5287.0,0.372,785.0,1.0,3.0,13.0,Four-Wheeler,874255.0,96716.0,699682.0,36.0,1.0,0.0,1,,11.49
Kavita Yadav_57,48.0,Urban,Self-Employed,90750.0,181517.0,1619.0,0.051,777.0,0.0,1.0,9.0,Four-Wheeler,1424598.0,64245.0,1110445.0,36.0,0.0,1.0,0,116545.0,11.32
Rohit Kumar_58,32.0,Rural,Self-Employed,87634.0,141785.0,8512.0,0.306,558.0,0.0,4.0,116.0,Four-Wheeler,330852.0,53056.0,577243.0,60.0,0.0,1.0,1,1270704.0,11.7
Manoj Tiwari_59,25.0,,Self-Employed,36251.0,61178.0,1342.0,,715.0,1.0,3.0,36.0,Two-Wheeler,718179.0,260736.0,30207.0,24.0,1.0,1.0,0,674533.0,14.05
Rahul Sharma_60,31.0,Metro,Govt,33945.0,54407.0,10568.0,0.201,763.0,0.0,5.0,86.0,Two-Wheeler,638158.0,289687.0,238401.0,24.0,1.0,0.0,1,785945.0,11.86
Sunita Chauhan_61,40.0,Rural,,98852.0,55990.0,,0.151,666.0,2.0,,,Two-Wheeler,583571.0,235683.0,1005132.0,60.0,1.0,0.0,0,286663.0,12.21
Pooja Reddy_62,38.0,Rural,Govt,40217.0,134473.0,19208.0,0.184,621.0,2.0,2.0,90.0,Four-Wheeler,915139.0,275972.0,179292.0,24.0,0.0,1.0,1,781163.0,12.74
Suresh Nair_63,33.0,Metro,Self-Employed,16308.0,63141.0,18378.0,0.362,613.0,2.0,5.0,58.0,Two-Wheeler,1301703.0,126656.0,516762.0,48.0,0.0,1.0,1,994453.0,15.07
Priya Singh_64,35.0,Metro,Govt,13949.0,,14231.0,0.156,754.0,2.0,1.0,54.0,Two-Wheeler,1240631.0,27087.0,1090607.0,12.0,1.0,0.0,0,14995.0,
Arjun Mehta_65,41.0,Metro,Salaried,59990.0,61570.0,,0.288,758.0,1.0,3.0,12.0,Two-Wheeler,,146554.0,483937.0,36.0,0.0,1.0,1,23559.0,10.53
Vikas Patel_66,43.0,Metro,Govt,9150.0,173964.0,9310.0,0.243,621.0,1.0,2.0,81.0,Two-Wheeler,575069.0,192024.0,887239.0,12.0,,0.0,1,521244.0,10.8
Priya Singh_67,42.0,Urban,Salaried,97480.0,6015.0,7984.0,0.335,826.0,1.0,2.0,78.0,Four-Wheeler,164586.0,146535.0,615600.0,36.0,1.0,0.0,0,1399769.0,15.02
Suresh Nair_68,46.0,,Self-Employed,82740.0,66813.0,17988.0,0.469,823.0,2.0,4.0,14.0,Four-Wheeler,339768.0,253236.0,604054.0,48.0,1.0,0.0,1,398237.0,13.74
Rohit Kumar_69,32.0,Urban,Govt,74617.0,,12219.0,,644.0,2.0,2.0,34.0,Four-Wheeler,581111.0,,371977.0,24.0,0.0,1.0,0,622288.0,11.87
Rekha Iyer_70,18.0,Metro,,24896.0,105497.0,235.0,0.115,715.0,0.0,1.0,53.0,Two-Wheeler,592777.0,14648.0,207771.0,60.0,0.0,1.0,1,444755.0,11.39
Deepak Mishra_71,42.0,Urban,Govt,,144487.0,10161.0,0.025,581.0,0.0,1.0,20.0,Two-Wheeler,,45634.0,257199.0,48.0,1.0,0.0,0,488051.0,
Kavita Yadav_72,24.0,Metro,Govt,15805.0,117816.0,1908.0,0.139,,2.0,0.0,,Four-Wheeler,221033.0,32054.0,1018757.0,12.0,0.0,1.0,1,825782.0,
Arjun Mehta_73,,Metro,Self-Employed,13237.0,133778.0,8567.0,,766.0,2.0,1.0,16.0,Two-Wheeler,1389838.0,80028.0,780129.0,60.0,0.0,0.0,1,439439.0,15.21
Rekha Iyer_74,41.0,Urban,Salaried,28056.0,67292.0,3530.0,0.035,838.0,2.0,5.0,115.0,Four-Wheeler,1198993.0,32207.0,655329.0,24.0,,0.0,1,1074093.0,14.42
Anjali Gupta_75,18.0,Metro,Salaried,53543.0,28833.0,5256.0,0.253,651.0,2.0,2.0,95.0,Two-Wheeler,1180392.0,,660473.0,48.0,1.0,0.0,0,415466.0,12.81
Kavita Yadav_76,25.0,Urban,Govt,64556.0,140230.0,19019.0,0.302,816.0,0.0,1.0,,Four-Wheeler,325709.0,91554.0,197164.0,,0.0,0.0,0,1264134.0,14.82
Neha Jain_77,41.0,Urban,Self-Employed,11343.0,198752.0,8162.0,0.174,763.0,2.0,4.0,70.0,Two-Wheeler,224023.0,162458.0,771518.0,48.0,0.0,1.0,0,476111.0,11.75
Sunita Chauhan_78,28.0,Urban,Salaried,21500.0,25309.0,18944.0,0.388,728.0,0.0,0.0,56.0,Two-Wheeler,927611.0,93276.0,,48.0,0.0,0.0,0,875564.0,14.09
Priya Singh_79,34.0,,Salaried,61222.0,11970.0,5415.0,0.062,637.0,2.0,2.0,83.0,Four-Wheeler,597936.0,193852.0,1062726.0,24.0,1.0,0.0,1,484282.0,14.78
Rahul Sharma_80,25.0,Urban,Salaried,37375.0,77474.0,3391.0,0.047,,2.0,0.0,101.0,Two-Wheeler,493945.0,202512.0,1137063.0,36.0,0.0,1.0,1,521396.0,12.28
Deepak Mishra_81,52.0,Rural,Salaried,17662.0,51540.0,11157.0,0.367,625.0,2.0,2.0,58.0,Two-Wheeler,1140547.0,18210.0,168694.0,60.0,0.0,0.0,0,1154262.0,
Neha Jain_82,52.0,Rural,,,156456.0,5951.0,,,0.0,,4.0,Four-Wheeler,68658.0,54363.0,143853.0,24.0,1.0,0.0,0,1314047.0,11.98
Manoj Tiwari_83,50.0,Rural,Salaried,67638.0,23017.0,8007.0,0.347,709.0,,0.0,111.0,Two-Wheeler,71253.0,252247.0,255062.0,48.0,1.0,1.0,0,947272.0,11.99
Rohit Kumar_84,22.0,,Self-Employed,81666.0,80880.0,9064.0,0.223,629.0,1.0,3.0,4.0,Four-Wheeler,229635.0,88279.0,253077.0,24.0,,1.0,1,719778.0,11.04
Priya Singh_85,45.0,Rural,Govt,93067.0,110570.0,15524.0,0.131,635.0,2.0,5.0,20.0,Two-Wheeler,207462.0,201420.0,,36.0,1.0,1.0,0,1034451.0,12.7
Rekha Iyer_86,24.0,Urban,Salaried,75215.0,13702.0,19282.0,0.411,641.0,1.0,5.0,10.0,Two-Wheeler,1449384.0,196356.0,1092358.0,60.0,1.0,0.0,0,1262032.0,14.15
Neha Jain_87,26.0,Metro,Self-Employed,77042.0,136456.0,77.0,0.402,,1.0,2.0,24.0,Four-Wheeler,,213196.0,674224.0,36.0,0.0,1.0,1,,15.2
Rekha Iyer_88,25.0,Metro,Self-Employed,21284.0,5404.0,7577.0,,710.0,0.0,3.0,118.0,Four-Wheeler,678138.0,209919.0,173245.0,12.0,1.0,1.0,1,52446.0,13.52
Priya Singh_89,29.0,Urban,Govt,80789.0,177015.0,16984.0,0.143,751.0,0.0,0.0,99.0,Four-Wheeler,1000162.0,267324.0,1190834.0,60.0,1.0,0.0,0,1022582.0,
Vikas Patel_90,51.0,Metro,Govt,92664.0,,14060.0,0.299,791.0,1.0,3.0,26.0,Four-Wheeler,712212.0,205161.0,474418.0,,0.0,0.0,1,711943.0,
Rohit Kumar_91,50.0,Metro,Salaried,69389.0,165261.0,17449.0,0.187,551.0,2.0,3.0,37.0,Four-Wheeler,570498.0,240363.0,,48.0,1.0,0.0,0,944734.0,11.37
Pooja Reddy_92,40.0,Rural,Govt,17435.0,17763.0,18520.0,0.055,774.0,0.0,0.0,102.0,Two-Wheeler,1324634.0,144393.0,682550.0,60.0,0.0,0.0,1,140148.0,12.93
Deepak Mishra_93,41.0,Rural,Govt,62340.0,154456.0,10535.0,0.459,838.0,2.0,4.0,85.0,Two-Wheeler,707911.0,219754.0,1026111.0,60.0,,0.0,0,31085.0,
Rekha Iyer_94,54.0,Rural,Self-Employed,52078.0,,9510.0,0.077,782.0,,3.0,54.0,Four-Wheeler,908379.0,133053.0,582621.0,24.0,1.0,1.0,0,1366291.0,13.91
Anjali Gupta_95,52.0,Metro,Self-Employed,86832.0,103142.0,6943.0,0.476,,1.0,3.0,104.0,Four-Wheeler,1278807.0,193965.0,633859.0,48.0,1.0,1.0,0,,15.25
Amit Verma_96,39.0,Rural,Self-Employed,59293.0,145932.0,11954.0,0.229,665.0,1.0,4.0,103.0,Two-Wheeler,172775.0,176892.0,,12.0,1.0,1.0,0,1054326.0,11.19
Anjali Gupta_97,44.0,Urban,Salaried,86781.0,85642.0,7804.0,0.101,703.0,1.0,3.0,21.0,Two-Wheeler,1019211.0,144832.0,20159.0,36.0,0.0,0.0,1,340912.0,14.17
Anjali Gupta_98,52.0,Metro,Salaried,68403.0,55612.0,6565.0,0.276,652.0,1.0,3.0,,Four-Wheeler,727160.0,163262.0,1018413.0,24.0,1.0,0.0,1,35903.0,13.66
Neha Jain_99,18.0,Metro,Govt,37124.0,28574.0,5984.0,0.438,743.0,0.0,3.0,38.0,Four-Wheeler,369972.0,77411.0,387003.0,36.0,0.0,0.0,1,1252137.0,13.42
Deepak Mishra_100,52.0,Rural,Govt,51919.0,28524.0,4670.0,,715.0,0.0,5.0,46.0,Two-Wheeler,1360292.0,,1176083.0,12.0,1.0,1.0,1,,12.45
Rohit Kumar_101,54.0,Urban,Salaried,43247.0,15916.0,18574.0,,639.0,1.0,1.0,4.0,Two-Wheeler,1499031.0,48211.0,1083319.0,12.0,1.0,1.0,0,,12.28
Sunita Chauhan_102,31.0,Rural,Salaried,99747.0,9809.0,9184.0,0.333,723.0,0.0,4.0,60.0,Two-Wheeler,318854.0,223981.0,1114677.0,60.0,1.0,0.0,0,1005489.0,10.73
Arjun Mehta_103,20.0,,Self-Employed,70752.0,,19096.0,0.349,671.0,,3.0,57.0,Two-Wheeler,464600.0,275888.0,665822.0,12.0,0.0,1.0,1,869446.0,
Deepak Mishra_104,18.0,Metro,Salaried,64573.0,189402.0,2192.0,,692.0,2.0,5.0,45.0,Four-Wheeler,221918.0,266638.0,356907.0,36.0,1.0,0.0,1,641593.0,10.58
Deepak Mishra_105,22.0,Metro,Salaried,67101.0,,1248.0,0.132,655.0,2.0,4.0,20.0,Two-Wheeler,269055.0,297139.0,507030.0,48.0,1.0,1.0,1,200753.0,13.41
Priya Singh_106,43.0,Rural,Govt,34646.0,192469.0,,0.25,672.0,2.0,2.0,17.0,Two-Wheeler,1398711.0,158049.0,425453.0,48.0,0.0,1.0,1,,11.03
Kavita Yadav_107,31.0,Metro,Govt,31049.0,126288.0,12790.0,0.118,558.0,1.0,2.0,119.0,Two-Wheeler,784417.0,,691009.0,60.0,0.0,1.0,1,2775.0,14.87
Deepak Mishra_108,,Metro,Self-Employed,87605.0,43765.0,,0.494,811.0,2.0,3.0,71.0,Four-Wheeler,1080697.0,44542.0,188785.0,36.0,1.0,0.0,0,490399.0,13.12
Amit Verma_109,26.0,Metro,Salaried,76385.0,170888.0,3687.0,0.473,622.0,,5.0,4.0,Two-Wheeler,1498763.0,,224535.0,36.0,1.0,1.0,0,45619.0,14.0
Suresh Nair_110,32.0,Rural,Govt,,50106.0,4018.0,0.029,772.0,2.0,5.0,93.0,Four-Wheeler,472355.0,109239.0,720769.0,12.0,1.0,,0,1300964.0,12.55
Sunita Chauhan_111,32.0,Metro,Salaried,73417.0,58932.0,11302.0,0.356,590.0,2.0,4.0,14.0,Four-Wheeler,921877.0,236416.0,199838.0,36.0,0.0,0.0,1,412755.0,13.3
Neha Jain_112,43.0,Rural,Salaried,31289.0,153172.0,1970.0,,753.0,2.0,4.0,3.0,Four-Wheeler,1306715.0,288859.0,590442.0,24.0,0.0,1.0,1,65149.0,15.21
Amit Verma_113,30.0,Metro,Self-Employed,17823.0,62091.0,8389.0,0.098,813.0,0.0,5.0,88.0,Four-Wheeler,130257.0,165378.0,289160.0,12.0,0.0,0.0,1,26616.0,10.91
Pooja Reddy_114,49.0,Urban,Salaried,68160.0,26949.0,17586.0,0.288,727.0,1.0,4.0,101.0,Four-Wheeler,874143.0,160158.0,492779.0,24.0,,,1,746055.0,
Vikas Patel_115,49.0,Metro,Self-Employed,49975.0,,15374.0,0.459,633.0,0.0,5.0,80.0,Four-Wheeler,1105106.0,151130.0,461904.0,60.0,1.0,0.0,0,1234215.0,14.4
Rohit Kumar_116,,Rural,Govt,17540.0,181615.0,5788.0,0.027,660.0,1.0,,58.0,Two-Wheeler,1371836.0,265948.0,896110.0,,0.0,0.0,0,206903.0,10.99
Arjun Mehta_117,47.0,Metro,Govt,24364.0,113319.0,,0.352,800.0,1.0,5.0,55.0,Two-Wheeler,967786.0,74200.0,918488.0,60.0,0.0,0.0,1,1279894.0,10.88
Deepak Mishra_118,54.0,Rural,Govt,12611.0,97193.0,9446.0,0.156,556.0,2.0,2.0,,Two-Wheeler,260545.0,115848.0,598526.0,48.0,0.0,1.0,0,1038218.0,12.31
Sunita Chauhan_119,40.0,Rural,Govt,35663.0,41187.0,922.0,0.463,633.0,1.0,4.0,4.0,Two-Wheeler,578423.0,116022.0,340752.0,60.0,1.0,0.0,0,352365.0,10.96
Suresh Nair_120,32.0,Metro,Self-Employed,59991.0,143311.0,419.0,0.486,757.0,0.0,5.0,24.0,Four-Wheeler,974133.0,187691.0,,36.0,,,1,901311.0,13.43
Neha Jain_121,46.0,Rural,Self-Employed,65679.0,129454.0,18588.0,0.473,571.0,0.0,5.0,34.0,Two-Wheeler,421616.0,266453.0,982261.0,24.0,0.0,0.0,1,287623.0,11.63
Deepak Mishra_122,53.0,Metro,Govt,38977.0,19489.0,10789.0,0.242,552.0,1.0,4.0,30.0,Two-Wheeler,825158.0,72068.0,960240.0,48.0,0.0,0.0,1,361309.0,14.98
Anjali Gupta_123,30.0,Urban,Govt,57115.0,194089.0,1120.0,0.432,676.0,,1.0,82.0,Two-Wheeler,663375.0,171445.0,834422.0,12.0,1.0,,1,55863.0,14.42
Rekha Iyer_124,49.0,Rural,Govt,99007.0,66877.0,11260.0,0.424,846.0,2.0,1.0,19.0,Two-Wheeler,966383.0,174226.0,1131127.0,24.0,1.0,0.0,1,1221691.0,14.0
Manoj Tiwari_125,24.0,Rural,Self-Employed,96223.0,179197.0,17334.0,0.166,737.0,0.0,4.0,,Two-Wheeler,329215.0,147103.0,754983.0,12.0,1.0,1.0,1,495654.0,13.58
Manoj Tiwari_126,39.0,Rural,Govt,68890.0,54922.0,2336.0,0.416,563.0,2.0,0.0,60.0,Two-Wheeler,,234605.0,186277.0,24.0,1.0,0.0,0,777635.0,14.82
Rahul Sharma_127,45.0,Rural,Self-Employed,74387.0,99074.0,,0.028,561.0,1.0,4.0,,Two-Wheeler,796084.0,213047.0,1058660.0,24.0,1.0,,0,713340.0,11.62
Neha Jain_128,19.0,,Salaried,26071.0,168121.0,2243.0,0.302,636.0,1.0,4.0,,Four-Wheeler,1138477.0,294929.0,100811.0,60.0,1.0,0.0,1,,14.87
Rekha Iyer_129,23.0,Urban,Govt,67275.0,42131.0,19029.0,0.123,561.0,0.0,1.0,49.0,Four-Wheeler,323349.0,259768.0,799128.0,48.0,1.0,,0,278495.0,14.45
Rahul Sharma_130,45.0,Metro,Self-Employed,80369.0,179016.0,,0.069,,1.0,1.0,63.0,Four-Wheeler,,169741.0,861535.0,48.0,1.0,1.0,1,1183779.0,14.24
Manoj Tiwari_131,45.0,Rural,Self-Employed,19938.0,120765.0,13946.0,0.048,792.0,0.0,4.0,110.0,Four-Wheeler,1441405.0,104475.0,979131.0,,,0.0,1,247908.0,13.31
Anjali Gupta_132,37.0,Rural,Self-Employed,43195.0,78963.0,18249.0,,671.0,1.0,4.0,83.0,Two-Wheeler,1471174.0,12282.0,254104.0,36.0,0.0,1.0,1,,
Vikas Patel_133,47.0,Urban,Salaried,99680.0,111884.0,11104.0,0.177,696.0,0.0,4.0,,Two-Wheeler,,175696.0,222346.0,36.0,0.0,0.0,1,1240579.0,12.62
Rohit Kumar_134,28.0,Metro,Govt,12000.0,130917.0,13429.0,0.365,604.0,2.0,,24.0,Four-Wheeler,628688.0,189510.0,204456.0,12.0,0.0,1.0,0,1323173.0,14.47
Priya Singh_135,45.0,Urban,Self-Employed,78588.0,29285.0,6371.0,0.042,787.0,1.0,,109.0,Four-Wheeler,1254798.0,230972.0,156643.0,12.0,0.0,0.0,1,601982.0,
Neha Jain_136,42.0,Urban,Govt,46304.0,42626.0,6359.0,0.164,722.0,1.0,4.0,76.0,Four-Wheeler,81852.0,,1182126.0,60.0,,0.0,0,933334.0,14.41
Arjun Mehta_137,50.0,Metro,Self-Employed,77449.0,178880.0,7863.0,0.274,770.0,0.0,3.0,30.0,Two-Wheeler,1010374.0,178509.0,504146.0,24.0,1.0,1.0,1,700033.0,11.7
Kavita Yadav_138,18.0,Rural,Govt,90986.0,189943.0,3228.0,0.397,668.0,0.0,0.0,58.0,Two-Wheeler,427501.0,218944.0,980652.0,12.0,1.0,0.0,1,913438.0,11.22
Arjun Mehta_139,44.0,Rural,Salaried,97643.0,24198.0,14382.0,,732.0,1.0,2.0,102.0,Four-Wheeler,1155057.0,,111218.0,12.0,0.0,0.0,1,744822.0,11.08
Sunita Chauhan_140,30.0,Urban,Self-Employed,28764.0,155830.0,18755.0,0.317,837.0,0.0,0.0,117.0,Two-Wheeler,83691.0,246440.0,927211.0,24.0,0.0,0.0,0,569354.0,10.64
Anjali Gupta_141,,Urban,Self-Employed,94027.0,20254.0,2891.0,0.444,849.0,1.0,3.0,31.0,Four-Wheeler,,214054.0,52441.0,60.0,1.0,0.0,1,134445.0,13.12
Neha Jain_142,23.0,,Salaried,,49238.0,3756.0,,631.0,2.0,2.0,100.0,Two-Wheeler,1296713.0,,714489.0,12.0,1.0,0.0,1,403551.0,11.59
Deepak Mishra_143,25.0,Metro,Govt,11373.0,,15770.0,,,0.0,4.0,64.0,Two-Wheeler,1096238.0,110123.0,775612.0,60.0,1.0,0.0,1,941245.0,15.45
Pooja Reddy_144,44.0,Metro,Self-Employed,20161.0,44764.0,16478.0,0.022,699.0,1.0,3.0,19.0,Two-Wheeler,582726.0,282660.0,64760.0,48.0,0.0,1.0,0,569829.0,13.37
Vikas Patel_145,26.0,Urban,Salaried,35350.0,82709.0,2674.0,0.436,,2.0,4.0,48.0,Four-Wheeler,1499796.0,158586.0,,60.0,1.0,1.0,0,1213705.0,11.19
Arjun Mehta_146,54.0,,Self-Employed,33351.0,173513.0,6898.0,0.02,608.0,2.0,,45.0,Two-Wheeler,846184.0,,305622.0,36.0,0.0,1.0,0,591271.0,13.94
Arjun Mehta_147,50.0,Rural,Self-Employed,96668.0,58682.0,10147.0,0.439,680.0,1.0,5.0,100.0,Two-Wheeler,1154002.0,177860.0,687540.0,36.0,0.0,,1,153837.0,
Deepak Mishra_148,41.0,,Self-Employed,23305.0,64494.0,793.0,0.269,751.0,0.0,3.0,94.0,Two-Wheeler,,216821.0,118538.0,60.0,1.0,1.0,0,714647.0,
Pooja Reddy_149,32.0,Metro,Govt,83353.0,86317.0,2116.0,0.47,,1.0,1.0,55.0,Two-Wheeler,338963.0,202121.0,,36.0,1.0,0.0,1,907179.0,10.88
Amit Verma_150,49.0,Rural,Salaried,84797.0,70215.0,5779.0,0.401,584.0,2.0,3.0,113.0,Four-Wheeler,545384.0,,995776.0,48.0,0.0,0.0,0,871535.0,14.98
Rohit Kumar_151,49.0,Metro,Salaried,73953.0,83587.0,12298.0,0.499,642.0,1.0,3.0,55.0,Four-Wheeler,928483.0,183921.0,531511.0,24.0,1.0,0.0,0,177597.0,
Amit Verma_152,41.0,Rural,Salaried,65458.0,11949.0,,0.182,756.0,0.0,1.0,97.0,Four-Wheeler,571121.0,158930.0,905258.0,36.0,,0.0,1,,11.29
Neha Jain_153,29.0,Urban,Salaried,28358.0,60393.0,11111.0,,762.0,2.0,,18.0,Two-Wheeler,1253865.0,225234.0,402736.0,36.0,0.0,1.0,0,478454.0,
Sunita Chauhan_154,19.0,Metro,Self-Employed,11267.0,143013.0,10789.0,0.207,708.0,1.0,,63.0,Four-Wheeler,1360077.0,89003.0,598328.0,60.0,1.0,0.0,1,1336286.0,13.29
Suresh Nair_155,20.0,Urban,Govt,90745.0,30934.0,11397.0,0.245,573.0,0.0,4.0,116.0,Four-Wheeler,569165.0,193467.0,881789.0,48.0,0.0,1.0,1,859625.0,11.28
Suresh Nair_156,,,Salaried,97588.0,159458.0,12999.0,0.317,842.0,2.0,3.0,113.0,Four-Wheeler,269780.0,49758.0,387570.0,24.0,0.0,0.0,0,496440.0,14.67
Rohit Kumar_157,34.0,Metro,Govt,,197958.0,814.0,0.438,,0.0,4.0,92.0,Four-Wheeler,1393714.0,,287986.0,60.0,1.0,1.0,1,776372.0,
Sunita Chauhan_158,19.0,,Salaried,34092.0,80745.0,16729.0,0.492,769.0,2.0,5.0,,Four-Wheeler,1196332.0,25434.0,476331.0,60.0,0.0,1.0,1,645303.0,15.06
Kavita Yadav_159,19.0,Urban,Salaried,19338.0,99456.0,10541.0,0.386,569.0,1.0,1.0,75.0,Four-Wheeler,,,823940.0,48.0,0.0,1.0,0,172257.0,13.33
Vikas Patel_160,45.0,Metro,Self-Employed,8412.0,58413.0,2443.0,0.215,701.0,0.0,4.0,,Two-Wheeler,977091.0,255754.0,173077.0,24.0,1.0,1.0,0,1272597.0,11.41
Arjun Mehta_161,40.0,Urban,Self-Employed,15543.0,192872.0,,,599.0,,,118.0,Two-Wheeler,1077557.0,,1123151.0,48.0,1.0,1.0,1,,11.2
Kavita Yadav_162,54.0,Rural,Self-Employed,41496.0,102239.0,10380.0,0.371,726.0,0.0,4.0,45.0,Four-Wheeler,1194241.0,138379.0,438815.0,24.0,1.0,1.0,0,945522.0,13.38
Vikas Patel_163,49.0,Rural,Govt,68692.0,,7783.0,0.127,645.0,0.0,,33.0,Four-Wheeler,1260578.0,226992.0,500808.0,48.0,0.0,0.0,1,316363.0,14.31
Anjali Gupta_164,50.0,Urban,Self-Employed,97084.0,,11473.0,0.064,654.0,,0.0,17.0,Four-Wheeler,1360267.0,249511.0,,60.0,0.0,1.0,1,832423.0,14.41
Neha Jain_165,18.0,Rural,Self-Employed,52425.0,188401.0,17368.0,0.184,799.0,0.0,0.0,70.0,Two-Wheeler,1220808.0,186806.0,,60.0,1.0,0.0,0,,11.88
Amit Verma_166,36.0,Rural,Salaried,46756.0,48088.0,15328.0,0.151,666.0,2.0,0.0,4.0,Two-Wheeler,1341627.0,78803.0,650527.0,12.0,0.0,1.0,0,116841.0,11.52
Suresh Nair_167,19.0,Rural,Salaried,26888.0,108196.0,827.0,0.155,777.0,2.0,0.0,20.0,Two-Wheeler,1256123.0,293456.0,,36.0,1.0,0.0,0,169934.0,
Pooja Reddy_168,43.0,Metro,Self-Employed,43735.0,175883.0,19915.0,0.124,615.0,2.0,0.0,112.0,Two-Wheeler,462104.0,234448.0,1191682.0,48.0,1.0,1.0,0,1135270.0,13.9
Priya Singh_169,49.0,Rural,Self-Employed,55295.0,60479.0,7147.0,0.031,811.0,2.0,1.0,47.0,Four-Wheeler,358449.0,185251.0,811787.0,12.0,0.0,1.0,1,237068.0,10.88
Manoj Tiwari_170,,Rural,Govt,91042.0,24963.0,4451.0,0.019,844.0,1.0,3.0,91.0,Two-Wheeler,583634.0,212514.0,487835.0,36.0,1.0,0.0,1,830288.0,12.6
Rahul Sharma_171,49.0,Urban,Govt,93999.0,60123.0,15343.0,0.494,792.0,0.0,4.0,15.0,Two-Wheeler,1111339.0,255404.0,320486.0,48.0,,1.0,0,101407.0,13.51
Rekha Iyer_172,21.0,Rural,Salaried,25955.0,130911.0,13635.0,0.22,735.0,1.0,0.0,70.0,Four-Wheeler,240237.0,127961.0,22257.0,24.0,0.0,1.0,0,851161.0,15.19
Priya Singh_173,28.0,Metro,Govt,45841.0,107468.0,5959.0,,795.0,0.0,1.0,47.0,Four-Wheeler,906047.0,27297.0,1180291.0,,1.0,1.0,1,1285076.0,
Amit Verma_174,34.0,Metro,Self-Employed,78640.0,78477.0,126.0,0.343,674.0,0.0,1.0,78.0,Four-Wheeler,479332.0,274155.0,1095230.0,60.0,0.0,0.0,1,578641.0,11.75
Deepak Mishra_175,41.0,Urban,Self-Employed,73510.0,19388.0,19561.0,0.117,817.0,0.0,1.0,75.0,Two-Wheeler,695275.0,,363567.0,12.0,1.0,1.0,1,705356.0,
Amit Verma_176,22.0,Metro,Salaried,42911.0,10569.0,8795.0,0.475,680.0,1.0,3.0,103.0,Four-Wheeler,1315399.0,54014.0,311464.0,36.0,0.0,0.0,1,1259720.0,
Manoj Tiwari_177,51.0,Metro,Self-Employed,67031.0,74836.0,11641.0,0.395,786.0,0.0,4.0,9.0,Four-Wheeler,1189929.0,253166.0,565096.0,36.0,0.0,1.0,0,36683.0,12.16
Deepak Mishra_178,23.0,Rural,Self-Employed,96726.0,,7196.0,0.054,567.0,1.0,3.0,90.0,Two-Wheeler,271373.0,188570.0,596677.0,60.0,0.0,,1,1162667.0,15.14
Vikas Patel_179,39.0,Rural,Self-Employed,15357.0,172658.0,11559.0,0.215,589.0,2.0,2.0,16.0,Four-Wheeler,1456368.0,268864.0,508906.0,48.0,1.0,0.0,1,117797.0,14.72
Kavita Yadav_180,28.0,Metro,Self-Employed,40479.0,148087.0,3368.0,0.441,570.0,2.0,1.0,69.0,Four-Wheeler,599844.0,283264.0,138581.0,24.0,0.0,1.0,0,324934.0,11.62
Priya Singh_181,33.0,Urban,Govt,69476.0,50002.0,3797.0,0.473,774.0,0.0,2.0,116.0,Four-Wheeler,895474.0,294996.0,1196503.0,60.0,1.0,1.0,1,1342200.0,11.7
Vikas Patel_182,50.0,,Govt,52811.0,142326.0,,0.239,831.0,1.0,5.0,61.0,Four-Wheeler,421233.0,,1103349.0,24.0,0.0,0.0,1,285713.0,13.06
Vikas Patel_183,,Rural,Govt,44208.0,,13718.0,0.311,557.0,2.0,0.0,10.0,Four-Wheeler,1274744.0,101575.0,358540.0,48.0,0.0,1.0,0,797583.0,14.37
Kavita Yadav_184,23.0,Metro,Govt,28150.0,160286.0,,0.092,649.0,1.0,0.0,50.0,Two-Wheeler,718590.0,105040.0,521590.0,36.0,1.0,0.0,0,464310.0,10.72
Pooja Reddy_185,33.0,Rural,,79180.0,142162.0,,0.496,789.0,1.0,3.0,3.0,Two-Wheeler,1300617.0,158510.0,892328.0,24.0,1.0,0.0,0,1238822.0,13.97
Suresh Nair_186,46.0,Urban,Salaried,51286.0,147709.0,3476.0,0.124,636.0,0.0,4.0,77.0,Four-Wheeler,83866.0,189587.0,635175.0,12.0,1.0,0.0,1,557242.0,13.74
Rohit Kumar_187,20.0,Metro,Self-Employed,,158487.0,3417.0,0.472,847.0,2.0,2.0,107.0,Four-Wheeler,1203976.0,15744.0,1190694.0,12.0,1.0,1.0,1,1030488.0,11.66
Suresh Nair_188,37.0,Rural,Salaried,29352.0,29071.0,1645.0,0.328,563.0,0.0,4.0,,Four-Wheeler,1437695.0,,1033539.0,60.0,1.0,0.0,0,768223.0,13.91
Rekha Iyer_189,53.0,Rural,Self-Employed,63069.0,,14755.0,0.308,551.0,0.0,3.0,,Four-Wheeler,485071.0,160871.0,868923.0,48.0,0.0,0.0,0,109373.0,15.2
Rahul Sharma_190,36.0,Urban,Self-Employed,22397.0,130827.0,19414.0,0.261,842.0,2.0,0.0,118.0,Four-Wheeler,1442277.0,234834.0,498356.0,60.0,0.0,1.0,1,558988.0,10.73
Deepak Mishra_191,43.0,Rural,Self-Employed,49555.0,113215.0,19256.0,0.123,590.0,2.0,4.0,109.0,Two-Wheeler,1236064.0,130906.0,299067.0,60.0,1.0,0.0,0,1010540.0,12.1
Sunita Chauhan_192,20.0,Urban,Salaried,54959.0,177312.0,3072.0,0.096,,1.0,4.0,70.0,Four-Wheeler,646804.0,211260.0,336480.0,60.0,0.0,1.0,0,1172304.0,12.69
Priya Singh_193,36.0,Urban,Self-Employed,8728.0,106570.0,1854.0,0.118,563.0,2.0,0.0,81.0,Two-Wheeler,236987.0,230931.0,356227.0,12.0,,1.0,0,853220.0,15.0
Deepak Mishra_194,37.0,Metro,Self-Employed,58517.0,,4662.0,0.101,,1.0,2.0,109.0,Four-Wheeler,461274.0,263593.0,184074.0,12.0,0.0,1.0,1,914424.0,15.31
Arjun Mehta_195,49.0,,Govt,74234.0,74724.0,6514.0,0.392,633.0,1.0,0.0,51.0,Four-Wheeler,483934.0,,493314.0,60.0,1.0,1.0,1,866491.0,
Suresh Nair_196,24.0,Rural,Govt,47954.0,120359.0,2708.0,,679.0,1.0,4.0,117.0,Four-Wheeler,344746.0,17597.0,308816.0,12.0,0.0,0.0,1,919134.0,14.25
Manoj Tiwari_197,50.0,Urban,Self-Employed,55280.0,80697.0,11694.0,0.038,780.0,2.0,2.0,19.0,Two-Wheeler,1287715.0,213199.0,810645.0,48.0,0.0,0.0,1,88059.0,13.16
Rohit Kumar_198,35.0,Urban,Govt,87459.0,33732.0,9524.0,,694.0,0.0,2.0,42.0,Four-Wheeler,208588.0,218434.0,1037481.0,60.0,0.0,0.0,1,832583.0,13.19
Manoj Tiwari_199,18.0,Metro,Salaried,24779.0,,19891.0,0.443,577.0,1.0,0.0,35.0,Two-Wheeler,1304311.0,167489.0,82507.0,12.0,1.0,0.0,1,442136.0,11.89
Deepak Mishra_200,28.0,Metro,Self-Employed,71932.0,147386.0,6456.0,0.465,615.0,0.0,4.0,46.0,Four-Wheeler,1360875.0,125598.0,1125710.0,,0.0,0.0,0,198303.0,11.58
Anjali Gupta_201,45.0,Urban,Salaried,80936.0,,4212.0,0.498,712.0,0.0,3.0,26.0,Four-Wheeler,173950.0,260100.0,153172.0,60.0,,1.0,1,511162.0,11.94
Priya Singh_202,42.0,Metro,Govt,32466.0,62108.0,13224.0,,778.0,2.0,,,Two-Wheeler,379638.0,268589.0,261225.0,60.0,1.0,0.0,1,,13.28
Rohit Kumar_203,40.0,Rural,Govt,44939.0,116195.0,7970.0,0.204,810.0,0.0,1.0,69.0,Two-Wheeler,650517.0,,213069.0,48.0,1.0,0.0,0,1313982.0,10.65
Vikas Patel_204,48.0,Urban,Salaried,,108081.0,16920.0,0.382,713.0,0.0,5.0,93.0,Four-Wheeler,1203224.0,262388.0,834604.0,36.0,0.0,0.0,1,329125.0,15.04
Amit Verma_205,47.0,Metro,Self-Employed,43270.0,41668.0,1625.0,0.351,836.0,2.0,3.0,64.0,Four-Wheeler,88547.0,143241.0,826564.0,36.0,0.0,1.0,1,907383.0,11.28
Pooja Reddy_206,52.0,Rural,,67163.0,,10314.0,0.085,559.0,1.0,2.0,37.0,Four-Wheeler,603083.0,225164.0,516013.0,48.0,1.0,1.0,0,909531.0,11.6
Rahul Sharma_207,24.0,Urban,Govt,90637.0,84252.0,7973.0,0.41,744.0,0.0,3.0,84.0,Two-Wheeler,236368.0,163124.0,314025.0,48.0,1.0,0.0,0,1130548.0,
Sunita Chauhan_208,33.0,Rural,Govt,59934.0,44749.0,8577.0,0.12,667.0,2.0,2.0,49.0,Two-Wheeler,595735.0,214923.0,757954.0,48.0,1.0,1.0,0,1386205.0,14.05
Arjun Mehta_209,43.0,Rural,Salaried,72895.0,135560.0,8070.0,0.12,819.0,0.0,2.0,21.0,Four-Wheeler,1354766.0,18036.0,830904.0,36.0,1.0,0.0,1,1103298.0,10.98
Sunita Chauhan_210,19.0,Urban,,40307.0,109680.0,8666.0,0.273,629.0,0.0,3.0,74.0,Two-Wheeler,256402.0,41778.0,727173.0,,1.0,0.0,0,181890.0,12.09
Rohit Kumar_211,18.0,Rural,Govt,62098.0,152979.0,3600.0,0.301,642.0,1.0,2.0,64.0,Four-Wheeler,1350995.0,,775728.0,12.0,,1.0,1,947436.0,15.34
Suresh Nair_212,29.0,Metro,,68921.0,154849.0,6783.0,0.294,815.0,0.0,2.0,,Four-Wheeler,804105.0,171475.0,336275.0,60.0,1.0,1.0,1,1317621.0,11.81
Manoj Tiwari_213,22.0,Metro,Salaried,13486.0,56745.0,13226.0,0.055,806.0,2.0,1.0,100.0,Four-Wheeler,,212747.0,699447.0,60.0,0.0,0.0,1,117473.0,12.07
Amit Verma_214,,,Self-Employed,16335.0,113464.0,9146.0,,682.0,0.0,4.0,70.0,Two-Wheeler,629365.0,28800.0,1081404.0,24.0,1.0,0.0,1,270741.0,14.68
Suresh Nair_215,49.0,Rural,Salaried,,96865.0,4971.0,0.14,825.0,1.0,,90.0,Two-Wheeler,162782.0,297516.0,999114.0,24.0,1.0,1.0,0,858823.0,10.75
Arjun Mehta_216,,Metro,Salaried,97112.0,117428.0,13490.0,0.073,813.0,1.0,5.0,,Two-Wheeler,1089550.0,292682.0,903096.0,60.0,0.0,0.0,0,739574.0,12.82
Priya Singh_217,52.0,Rural,Self-Employed,19130.0,28624.0,17589.0,0.445,720.0,2.0,5.0,103.0,Two-Wheeler,677220.0,241312.0,536835.0,12.0,1.0,1.0,1,325437.0,
Rekha Iyer_218,36.0,,,95508.0,28321.0,12951.0,0.478,,1.0,1.0,,Four-Wheeler,1061316.0,69500.0,676761.0,36.0,1.0,0.0,0,156877.0,12.08
Deepak Mishra_219,33.0,Urban,Self-Employed,68566.0,146560.0,12312.0,0.432,613.0,0.0,5.0,114.0,Two-Wheeler,493316.0,177647.0,821625.0,36.0,0.0,1.0,1,872834.0,11.93
Rohit Kumar_220,20.0,Rural,Salaried,74703.0,27574.0,,0.407,833.0,1.0,,,Four-Wheeler,1470589.0,246527.0,458080.0,,1.0,,1,443066.0,
Rekha Iyer_221,37.0,Rural,Self-Employed,35192.0,141312.0,5299.0,0.331,670.0,2.0,0.0,1.0,Two-Wheeler,,120659.0,301755.0,36.0,,0.0,1,334923.0,12.07
Deepak Mishra_222,41.0,Metro,Self-Employed,9062.0,179293.0,12997.0,0.28,656.0,1.0,,,Two-Wheeler,1284915.0,37716.0,719151.0,48.0,0.0,1.0,0,619696.0,10.72
Suresh Nair_223,50.0,Urban,Self-Employed,92076.0,146550.0,19956.0,0.053,724.0,,0.0,57.0,Two-Wheeler,525595.0,12352.0,358384.0,60.0,0.0,0.0,1,120062.0,14.4
Kavita Yadav_224,41.0,Metro,Self-Employed,97780.0,,13472.0,0.21,753.0,1.0,1.0,100.0,Four-Wheeler,1197272.0,143004.0,752763.0,60.0,0.0,0.0,1,1060676.0,12.49
Neha Jain_225,28.0,Metro,Self-Employed,29545.0,155334.0,,0.193,714.0,2.0,1.0,70.0,Two-Wheeler,100939.0,18556.0,861675.0,12.0,1.0,1.0,0,1367741.0,12.72
Amit Verma_226,25.0,Urban,Self-Employed,29689.0,123831.0,4757.0,0.137,669.0,1.0,2.0,41.0,Two-Wheeler,191521.0,271973.0,286010.0,36.0,0.0,0.0,0,1032499.0,
Anjali Gupta_227,53.0,Urban,Self-Employed,19174.0,188868.0,19097.0,0.364,593.0,1.0,0.0,54.0,Four-Wheeler,923093.0,146570.0,707605.0,24.0,,0.0,0,1243048.0,13.79
Manoj Tiwari_228,37.0,Metro,Salaried,96461.0,140504.0,10395.0,0.253,705.0,0.0,3.0,46.0,Four-Wheeler,1433674.0,217190.0,935113.0,24.0,1.0,0.0,0,878878.0,10.54
Amit Verma_229,52.0,Urban,Self-Employed,17348.0,100257.0,16241.0,0.05,756.0,2.0,5.0,60.0,Four-Wheeler,859178.0,60098.0,615642.0,36.0,0.0,1.0,1,,15.22
Suresh Nair_230,42.0,Metro,,31714.0,69291.0,5588.0,0.118,657.0,1.0,3.0,108.0,Four-Wheeler,633098.0,150641.0,,24.0,0.0,1.0,0,207609.0,11.69
Manoj Tiwari_231,52.0,Rural,Govt,46102.0,195471.0,17350.0,0.345,800.0,2.0,5.0,60.0,Four-Wheeler,692650.0,257199.0,134397.0,12.0,0.0,1.0,1,675302.0,11.04
Arjun Mehta_232,42.0,Metro,Govt,82460.0,132600.0,4944.0,0.047,679.0,1.0,0.0,57.0,Four-Wheeler,526513.0,136060.0,268552.0,12.0,0.0,0.0,0,283006.0,14.34
Suresh Nair_233,46.0,Rural,Salaried,97930.0,55428.0,13395.0,0.427,842.0,1.0,,31.0,Two-Wheeler,1244871.0,197954.0,406721.0,36.0,1.0,0.0,0,,13.0
Arjun Mehta_234,,,Self-Employed,,136374.0,19816.0,0.253,569.0,1.0,,84.0,Four-Wheeler,515453.0,211465.0,443332.0,24.0,0.0,0.0,0,907651.0,12.67
Rahul Sharma_235,35.0,Urban,Salaried,80267.0,136127.0,17072.0,0.245,831.0,0.0,1.0,24.0,Two-Wheeler,771037.0,140544.0,312575.0,12.0,1.0,0.0,0,709132.0,11.75
Kavita Yadav_236,,Rural,Govt,56136.0,,4243.0,0.3,834.0,,5.0,89.0,Four-Wheeler,1363379.0,10340.0,49336.0,12.0,,1.0,0,273022.0,13.24
Anjali Gupta_237,52.0,Urban,Salaried,31625.0,144789.0,9916.0,0.414,550.0,0.0,1.0,36.0,Two-Wheeler,1185092.0,185021.0,847424.0,48.0,0.0,0.0,0,789417.0,
Pooja Reddy_238,33.0,Rural,,90873.0,132449.0,,0.18,668.0,2.0,1.0,85.0,Two-Wheeler,1173143.0,92302.0,1123926.0,48.0,,0.0,1,491121.0,15.01
Rahul Sharma_239,53.0,Rural,Salaried,80592.0,33699.0,1759.0,0.342,584.0,2.0,4.0,30.0,Two-Wheeler,176498.0,232740.0,530470.0,12.0,0.0,0.0,0,,11.58
Priya Singh_240,50.0,Metro,Salaried,85052.0,78686.0,9181.0,0.287,747.0,0.0,3.0,24.0,Four-Wheeler,752098.0,10138.0,1129816.0,36.0,0.0,1.0,0,281075.0,14.92
Arjun Mehta_241,21.0,Metro,Salaried,,72661.0,2482.0,0.141,794.0,2.0,3.0,108.0,Four-Wheeler,1071469.0,129619.0,695453.0,60.0,1.0,0.0,0,1141452.0,13.3
Anjali Gupta_242,50.0,Metro,Salaried,9542.0,,951.0,0.441,,1.0,2.0,106.0,Four-Wheeler,514894.0,,970991.0,60.0,1.0,,0,524624.0,14.64
Arjun Mehta_243,31.0,Metro,Salaried,29677.0,152820.0,2079.0,0.401,710.0,1.0,1.0,30.0,Four-Wheeler,334154.0,166951.0,201196.0,12.0,1.0,0.0,1,829365.0,14.06
Rekha Iyer_244,38.0,Urban,Govt,54732.0,110113.0,2717.0,,728.0,1.0,5.0,86.0,Two-Wheeler,845219.0,47772.0,335014.0,12.0,0.0,0.0,0,1002403.0,13.98
Manoj Tiwari_245,37.0,Metro,Salaried,58343.0,9621.0,9692.0,0.427,755.0,0.0,4.0,92.0,Four-Wheeler,189544.0,68478.0,696296.0,12.0,1.0,0.0,0,1356256.0,12.12
Rohit Kumar_246,25.0,Metro,Salaried,47081.0,151106.0,7311.0,0.435,561.0,2.0,4.0,7.0,Four-Wheeler,296183.0,,399039.0,36.0,0.0,1.0,0,593792.0,11.67
Neha Jain_247,24.0,Rural,,70856.0,,,0.357,,0.0,3.0,35.0,Four-Wheeler,728743.0,,548714.0,,0.0,0.0,0,623502.0,11.55
Rahul Sharma_248,20.0,Urban,Self-Employed,96858.0,,768.0,0.42,730.0,2.0,1.0,55.0,Two-Wheeler,1422429.0,204994.0,,12.0,0.0,0.0,1,,14.79
Neha Jain_249,34.0,Urban,Govt,27065.0,23030.0,5490.0,0.352,,1.0,2.0,92.0,Four-Wheeler,513001.0,,834038.0,12.0,0.0,0.0,0,113936.0,14.6
Arjun Mehta_250,,Rural,Salaried,91460.0,87838.0,15534.0,0.343,765.0,0.0,1.0,14.0,Four-Wheeler,1133094.0,292363.0,461048.0,24.0,0.0,,1,16279.0,12.7
Kavita Yadav_251,29.0,Rural,,96092.0,,6645.0,0.313,800.0,2.0,0.0,10.0,Four-Wheeler,103909.0,84965.0,572439.0,36.0,1.0,0.0,0,1248313.0,
Priya Singh_252,39.0,Metro,Salaried,,191730.0,5232.0,0.379,848.0,2.0,1.0,80.0,Four-Wheeler,774984.0,187912.0,293452.0,12.0,1.0,0.0,1,1152327.0,
Priya Singh_253,39.0,Urban,Self-Employed,34962.0,43638.0,11485.0,0.088,675.0,1.0,0.0,16.0,Four-Wheeler,1020834.0,185767.0,260853.0,24.0,0.0,0.0,1,1119962.0,13.6
Sunita Chauhan_254,47.0,Metro,Govt,,72067.0,5797.0,0.442,766.0,0.0,0.0,54.0,Four-Wheeler,565693.0,246281.0,798883.0,60.0,1.0,0.0,0,86124.0,12.77
Pooja Reddy_255,25.0,Rural,Self-Employed,21807.0,123033.0,19719.0,0.437,834.0,0.0,2.0,95.0,Four-Wheeler,589570.0,94754.0,,12.0,0.0,0.0,0,336199.0,
Rekha Iyer_256,44.0,,Self-Employed,,110977.0,12342.0,0.024,734.0,0.0,5.0,106.0,Two-Wheeler,289017.0,87988.0,1158882.0,12.0,0.0,,1,91911.0,15.49
Priya Singh_257,44.0,Urban,Salaried,34432.0,93869.0,8038.0,0.415,588.0,1.0,3.0,89.0,Two-Wheeler,464994.0,160023.0,769468.0,24.0,0.0,1.0,1,,11.46
Manoj Tiwari_258,51.0,Metro,Govt,91285.0,110186.0,16002.0,0.073,772.0,0.0,1.0,77.0,Four-Wheeler,991768.0,,,36.0,1.0,1.0,0,722030.0,12.8
Suresh Nair_259,38.0,Urban,Govt,,39674.0,13087.0,0.174,733.0,,0.0,,Two-Wheeler,502891.0,90388.0,112769.0,12.0,0.0,1.0,1,993978.0,12.65
Manoj Tiwari_260,47.0,Metro,Govt,65854.0,171926.0,4873.0,,727.0,1.0,1.0,44.0,Four-Wheeler,1126941.0,249779.0,1155841.0,60.0,0.0,1.0,1,447244.0,12.02
Amit Verma_261,50.0,Metro,Govt,48262.0,51271.0,1481.0,0.089,843.0,1.0,5.0,,Two-Wheeler,515982.0,216846.0,837563.0,,1.0,0.0,1,1269670.0,11.49
Amit Verma_262,45.0,Urban,Salaried,45080.0,78688.0,10093.0,0.411,700.0,2.0,3.0,45.0,Four-Wheeler,491416.0,180047.0,1121004.0,60.0,1.0,1.0,0,376036.0,10.83
Deepak Mishra_263,50.0,Urban,Salaried,9324.0,,19835.0,0.418,675.0,0.0,5.0,100.0,Four-Wheeler,323146.0,,647835.0,48.0,1.0,,1,237723.0,14.94
Pooja Reddy_264,22.0,Urban,Self-Employed,99267.0,116076.0,14422.0,0.259,783.0,0.0,3.0,,Four-Wheeler,1374667.0,298565.0,780278.0,,,0.0,1,,12.6
Suresh Nair_265,36.0,Metro,,43909.0,146339.0,,0.013,557.0,1.0,4.0,107.0,Four-Wheeler,1308870.0,273852.0,1117643.0,60.0,0.0,1.0,1,838927.0,12.98
Amit Verma_266,21.0,Metro,Govt,97339.0,6062.0,7643.0,0.151,678.0,1.0,3.0,84.0,Two-Wheeler,1214795.0,86021.0,996089.0,36.0,1.0,1.0,0,82806.0,15.08
Rohit Kumar_267,52.0,Metro,Salaried,27870.0,,19846.0,,813.0,0.0,2.0,82.0,Four-Wheeler,1439330.0,169380.0,782371.0,12.0,,0.0,0,,14.38
Suresh Nair_268,34.0,,Self-Employed,42578.0,100462.0,15708.0,0.491,706.0,,5.0,107.0,Two-Wheeler,888574.0,54789.0,1180793.0,12.0,1.0,0.0,1,1278673.0,11.15
Rekha Iyer_269,45.0,Metro,Govt,80124.0,142301.0,11271.0,0.32,554.0,0.0,0.0,57.0,Two-Wheeler,630595.0,36086.0,162980.0,48.0,1.0,0.0,0,974334.0,13.33
Kavita Yadav_270,47.0,Urban,,34790.0,192865.0,17216.0,0.137,635.0,2.0,4.0,21.0,Four-Wheeler,,,522367.0,60.0,0.0,1.0,1,992144.0,12.71
Vikas Patel_271,46.0,Urban,Self-Employed,33289.0,52915.0,12600.0,0.321,724.0,1.0,2.0,68.0,Two-Wheeler,829383.0,17684.0,356851.0,12.0,0.0,1.0,0,197478.0,
Neha Jain_272,23.0,Urban,Self-Employed,63129.0,9632.0,10998.0,0.275,839.0,0.0,1.0,50.0,Four-Wheeler,,101088.0,229329.0,12.0,1.0,0.0,0,487436.0,
Arjun Mehta_273,52.0,Metro,Govt,23485.0,109592.0,14295.0,0.392,,1.0,5.0,33.0,Two-Wheeler,608516.0,56099.0,277354.0,36.0,1.0,0.0,1,1360369.0,
Suresh Nair_274,54.0,Urban,Salaried,52482.0,139668.0,10682.0,0.062,668.0,0.0,,91.0,Four-Wheeler,785036.0,76093.0,1129791.0,24.0,1.0,1.0,0,489709.0,
Manoj Tiwari_275,41.0,Urban,Salaried,94188.0,114779.0,16380.0,0.383,767.0,0.0,3.0,7.0,Two-Wheeler,617760.0,170761.0,331573.0,48.0,1.0,0.0,0,437585.0,14.52
Sunita Chauhan_276,46.0,Rural,Govt,12748.0,142240.0,8519.0,0.275,663.0,1.0,,70.0,Two-Wheeler,885869.0,23893.0,197241.0,48.0,0.0,1.0,0,1280780.0,10.76
Sunita Chauhan_277,48.0,Rural,Govt,94769.0,113099.0,19694.0,0.482,694.0,2.0,1.0,15.0,Four-Wheeler,1016920.0,76418.0,158731.0,24.0,,0.0,1,357546.0,11.3
Neha Jain_278,52.0,Urban,Govt,17435.0,12561.0,3300.0,0.178,575.0,0.0,4.0,82.0,Two-Wheeler,896143.0,,473830.0,12.0,1.0,0.0,0,,12.18
Sunita Chauhan_279,50.0,Rural,Salaried,11709.0,87152.0,6722.0,,685.0,0.0,4.0,32.0,Two-Wheeler,,140351.0,784265.0,36.0,1.0,1.0,0,850525.0,10.88
Rohit Kumar_280,38.0,,Salaried,38355.0,130036.0,7218.0,,781.0,0.0,5.0,75.0,Four-Wheeler,127175.0,201083.0,359384.0,36.0,0.0,0.0,1,181871.0,11.67
Vikas Patel_281,49.0,Urban,Govt,,129049.0,3054.0,0.06,625.0,2.0,4.0,20.0,Four-Wheeler,638595.0,48635.0,133688.0,48.0,,0.0,0,341558.0,
Deepak Mishra_282,40.0,Metro,Self-Employed,65799.0,31734.0,13575.0,0.469,838.0,2.0,5.0,88.0,Four-Wheeler,1407453.0,105071.0,,36.0,1.0,0.0,0,498512.0,15.24
Deepak Mishra_283,50.0,Metro,Govt,21116.0,142443.0,7970.0,,550.0,1.0,5.0,15.0,Four-Wheeler,964634.0,82805.0,903194.0,24.0,0.0,1.0,0,767442.0,
Anjali Gupta_284,20.0,Urban,Govt,33470.0,31069.0,2143.0,0.043,696.0,2.0,5.0,48.0,Two-Wheeler,145028.0,274598.0,764748.0,12.0,,0.0,0,475278.0,11.82
Pooja Reddy_285,35.0,Metro,Salaried,50344.0,17910.0,,0.157,836.0,1.0,3.0,71.0,Four-Wheeler,1240888.0,293022.0,913388.0,24.0,0.0,0.0,0,294067.0,11.9
Arjun Mehta_286,42.0,Rural,Govt,,78479.0,,0.357,,,2.0,21.0,Four-Wheeler,541450.0,192170.0,,60.0,1.0,0.0,1,379593.0,11.89
Suresh Nair_287,48.0,Urban,Salaried,60224.0,86264.0,18922.0,0.043,602.0,2.0,5.0,42.0,Four-Wheeler,1191069.0,203226.0,932743.0,48.0,1.0,0.0,1,494955.0,10.68
Pooja Reddy_288,20.0,Metro,Self-Employed,,28275.0,12175.0,,618.0,1.0,5.0,26.0,Four-Wheeler,175149.0,154063.0,754275.0,36.0,0.0,0.0,0,1284574.0,15.13
Priya Singh_289,41.0,Metro,Govt,88219.0,77274.0,8356.0,0.179,639.0,2.0,2.0,108.0,Two-Wheeler,803704.0,78344.0,1054186.0,60.0,1.0,0.0,0,1046195.0,11.57
Neha Jain_290,49.0,Rural,,69629.0,105776.0,15070.0,0.314,769.0,1.0,0.0,,Two-Wheeler,1301011.0,46593.0,618506.0,36.0,1.0,1.0,0,646045.0,
Neha Jain_291,39.0,,Govt,74040.0,196076.0,822.0,,741.0,2.0,5.0,57.0,Two-Wheeler,213834.0,46304.0,576718.0,,0.0,1.0,1,817459.0,10.55
Priya Singh_292,40.0,Urban,Self-Employed,36016.0,199053.0,17327.0,,612.0,,3.0,37.0,Four-Wheeler,320403.0,196292.0,43091.0,12.0,0.0,0.0,1,690824.0,14.79
Anjali Gupta_293,19.0,Rural,Salaried,31960.0,190625.0,14289.0,0.487,622.0,1.0,4.0,58.0,Two-Wheeler,,123613.0,1144027.0,12.0,1.0,,0,1345205.0,14.16
Rahul Sharma_294,44.0,Urban,Govt,41591.0,53447.0,6150.0,0.485,710.0,0.0,4.0,21.0,Two-Wheeler,965207.0,210410.0,1045592.0,36.0,0.0,,0,1308014.0,15.23
Kavita Yadav_295,19.0,Urban,Govt,,170601.0,4425.0,0.377,718.0,1.0,,82.0,Four-Wheeler,1375569.0,28354.0,38990.0,60.0,1.0,0.0,1,150528.0,14.41
Suresh Nair_296,43.0,Rural,Self-Employed,75641.0,131394.0,16032.0,0.074,638.0,2.0,1.0,69.0,Two-Wheeler,1442488.0,294334.0,372414.0,12.0,1.0,1.0,0,468011.0,12.07
Neha Jain_297,34.0,Rural,Salaried,44395.0,80703.0,2198.0,0.382,725.0,0.0,4.0,3.0,Two-Wheeler,1466828.0,,886792.0,60.0,0.0,1.0,1,297698.0,11.74
Kavita Yadav_298,50.0,Metro,Self-Employed,30700.0,81090.0,3452.0,0.022,818.0,1.0,,87.0,Four-Wheeler,367013.0,193043.0,270541.0,36.0,1.0,1.0,1,1357642.0,13.99
Neha Jain_299,26.0,Urban,Self-Employed,42620.0,22260.0,9106.0,0.021,622.0,1.0,3.0,90.0,Two-Wheeler,963320.0,194482.0,842513.0,60.0,1.0,1.0,0,,12.32
