name,age,academic_score,entrance_score,course_level,course_stream,institute_tier,country,parent_income,parent_existing_emi,parent_dti,parent_cibil,tuition_fee,living_expenses,down_payment,loan_amount_requested,tenure_years,moratorium_years,loan_status,approved_amount,interest_rate
Aaditya Gupta,23,75.35,405,UG,Law,Tier3,India,14940,3104,0.208,748,583269,176765,23703,736331,12,2,1,533657,12.75
Meera Gupta,31,83.52,590,PG,Law,Tier2,India,43837,3593,0.082,771,1384480,96980,96142,1385318,10,1,1,1062476,12.33
Kunal Reddy,27,71.49,471,PhD,Other,Tier2,India,8000,2809,0.351,830,506706,69243,132008,443941,12,1,1,321996,12.75
Rohan Patel,24,65.43,569,PG,Arts,ForeignOther,UK,67332,23690,0.352,675,4216367,708494,1171893,3752968,5,1,0,0,
Shruti Yadav,23,94.36,530,PG,Arts,Tier2,India,67082,23360,0.348,663,1346198,145700,169470,1322428,10,2,0,0,
Mohit Singh,27,89.36,592,PG,Arts,Tier3,India,40168,3837,0.096,654,1090810,255458,16566,1329702,12,2,1,1055866,12.06
Sarthak Verma,27,90.11,500,Diploma,Medical,Tier2,India,73503,13267,0.18,704,187085,214878,2211,399752,15,1,1,319568,12.01
Kiran Patel,20,68.76,649,PG,Arts,Tier3,India,27938,11007,0.394,806,306224,249060,52727,502557,15,0,0,0,
Amit Singh,24,61.36,390,PG,Management,Tier1,India,35837,11067,0.309,752,110978,117987,13081,215884,5,2,1,154568,12.84
Vivek Verma,19,70.61,648,Diploma,Engineering,ForeignOther,Canad,70430,765,0.011,749,4195701,360292,36065,4519928,10,1,1,3603548,12.03
Kunal Kapoor,18,78.8,506,Diploma,Arts,Tier2,India,42783,1116,0.026,611,726743,116015,127162,715596,7,2,1,525284,12.66
Meera Singh,28,71.43,737,UG,Other,Tier2,India,58434,10844,0.186,678,287985,284767,976,571776,10,0,0,0,
Rohan Patel,22,88.98,558,UG,Engineering,Tier1,India,45909,16697,0.364,610,1441108,209094,340406,1309796,15,2,0,0,
Yash Verma,18,69.5,787,UG,Medical,Tier2,India,49727,10715,0.215,790,841524,131128,77361,895291,12,3,0,0,
Rahul Sharma,17,93.78,601,UG,Other,Tier3,India,50819,10119,0.199,815,438651,117378,5298,550731,7,1,1,424741,12.29
Meera Khan,28,76,412,PG,Engineering,Tier2,India,42331,1786,0.042,767,800845,97732,141354,757223,5,2,1,550784,12.73
Rahul Verma,28,89.47,711,PG,Other,Tier3,India,67561,17749,0.263,661,1051468,223660,125446,1149682,7,1,0,0,
Mohit Reddy,33,66.8,473,PG,Medical,Tier2,India,44302,14568,0.329,809,206735,104679,60396,251018,5,2,1,174448,13.05
Neha Gupta,26,74.4,474,UG,Management,Tier2,India,60392,9190,0.152,705,484585,198826,79113,604298,7,2,1,434242,12.81
Rahul Reddy,32,84.48,316,PhD,Medical,Tier3,India,41782,12963,0.31,647,1229752,116159,101543,1244368,5,1,0,0,
Neha Khan,31,64.84,574,PG,Medical,Tier3,India,21643,8350,0.386,662,743531,215492,158247,800776,5,2,0,0,
Ravi Sharma,31,64.65,567,PG,Other,Tier2,India,82811,6750,0.082,694,865208,253735,70469,1048474,7,3,0,0,
Ravi Patel,28,93.93,478,Diploma,Law,Tier2,India,72488,15174,0.209,723,705942,244506,191503,758945,7,1,1,595782,12.15
Mohit Kapoor,19,85.01,747,PG,Arts,Tier1,India,117217,13463,0.115,710,161460,240213,18151,383522,5,0,1,304810,12.05
Rohan Khan,21,61.44,364,UG,Arts,Tier3,India,33901,10751,0.317,635,332050,96931,54775,374206,15,3,0,0,
Mohit Yadav,23,73.96,465,PG,Management,Tier3,India,54776,12655,0.231,793,723758,72096,10981,784873,7,2,1,618157,12.12
Anjali Yadav,25,75.17,461,UG,Management,Tier2,India,56787,14414,0.254,711,392860,224737,50222,567375,10,3,1,404779,12.87
Aaditya Sharma,23,86.04,346,UG,Arts,Tier3,India,84734,27044,0.319,677,169971,142087,42443,269615,12,2,1,206211,12.35
Suresh Yadav,34,68.78,541,PG,Law,Tier3,India,47322,7495,0.158,787,1281110,158087,309637,1129560,5,2,1,835266,12.61
Sana Kapoor,20,66.45,644,UG,Arts,Tier3,India,30724,11246,0.366,649,1473670,57787,99171,1432286,5,1,0,0,
Shruti Verma,30,62.83,556,PG,Law,ForeignTop,UK,90195,19231,0.213,622,4144136,584320,281071,4447385,12,2,0,0,
Anjali Khan,34,74.99,378,UG,Management,Tier2,India,52084,3291,0.063,796,1295299,58419,317596,1036122,15,3,0,0,
Amit Sharma,25,84.1,489,PhD,Engineering,Tier1,India,81966,22816,0.278,833,438768,269796,122469,586095,12,2,0,0,
Yash Patel,18,62.04,301,UG,Other,Tier2,India,79055,25085,0.317,692,1444878,110849,41335,1514392,7,1,1,1090971,12.8
Shruti Jain,31,92.03,734,Diploma,Management,Tier1,India,59253,7508,0.127,717,375696,189334,50726,514304,12,1,1,407568,12.08
Rohan Singh,23,75.48,342,PG,Management,Tier3,India,55642,19078,0.343,651,1432002,59745,144971,1346776,5,1,0,0,
Neha Reddy,28,68.39,599,UG,Medical,ForeignTop,UK,50211,18199,0.362,720,2638957,322987,689313,2272631,12,1,0,0,
Neha Jain,24,63.29,793,PG,Medical,Tier1,India,59620,6604,0.111,691,1096412,130757,27473,1199696,10,1,1,946000,12.11
Shruti Gupta,31,66.4,568,Diploma,Medical,Tier1,India,81578,32093,0.393,714,1473601,274480,93335,1654746,7,2,0,0,
Rahul Verma,19,92.71,762,UG,Other,Tier2,India,40089,2256,0.056,745,897356,272030,202570,966816,12,2,1,782013,11.91
Ravi Gupta,30,82.34,418,UG,Medical,ForeignTop,Austr,62721,5068,0.081,654,5279107,581311,81236,5779182,5,1,1,4228617,12.68
Amit Kapoor,33,78.08,680,UG,Law,Tier2,India,32034,2361,0.074,698,711794,275240,105175,881859,7,2,1,701195,12.05
Neha Gupta,20,83,566,PG,Arts,Tier3,India,35147,12568,0.358,612,930985,299039,123479,1106545,5,1,1,743808,13.28
Sarthak Gupta,34,75.25,660,PG,Engineering,Tier1,India,59227,15501,0.262,699,202314,256354,20296,438372,15,1,1,341457,12.21
Vivek Verma,24,85.55,331,PG,Management,Tier1,India,10996,669,0.061,714,971281,261218,114972,1117527,10,1,1,836048,12.52
Shruti Singh,20,61.67,374,UG,Law,ForeignOther,UK,111514,19641,0.176,734,1537440,1419846,244426,2712860,15,2,1,2171325,12
Kabir Yadav,18,79.81,367,UG,Engineering,ForeignOther,Austr,30174,7426,0.246,734,3451123,618596,167070,3902649,10,1,1,2778710,12.88
Yash Yadav,22,65.55,644,PG,Law,Tier1,India,58998,1970,0.033,774,1209633,66814,207572,1068875,12,1,1,830577,12.23
Kunal Jain,26,64.21,722,UG,Law,ForeignOther,UK,89205,31486,0.353,628,4867730,1114200,1176188,4805742,7,1,1,3820058,12.05
Aaditya Reddy,20,71.97,675,UG,Management,Tier3,India,38427,12352,0.321,631,1421182,299723,324098,1396807,12,2,0,0,
Meera Sharma,34,63.21,315,Diploma,Arts,ForeignTop,USA,8000,1617,0.202,752,3453094,1317731,159429,4611396,10,0,1,3023355,13.44
Mohit Sharma,28,63.3,734,PG,Medical,Tier2,India,48876,18908,0.387,598,830043,237046,37165,1029924,10,2,1,724679,12.96
Ravi Kapoor,18,70.9,477,PG,Other,Tier3,India,38129,6372,0.167,731,1468231,251666,118123,1601774,10,2,1,1238923,12.27
Rohan Sharma,26,94.28,499,PG,Arts,Tier2,India,8000,3149,0.394,649,1160234,264506,125679,1299061,5,2,1,911625,12.98
Sarthak Yadav,20,66.14,352,PG,Other,Tier3,India,67122,17933,0.267,814,326340,299407,39989,585758,7,3,1,426542,12.72
Mohit Sharma,30,60.6,669,PG,Management,Tier1,India,65177,16546,0.254,735,767660,110374,156533,721501,12,0,0,0,
Sarthak Verma,32,86.72,391,UG,Management,Tier1,India,88558,5879,0.066,707,1105664,60088,18801,1146951,12,1,1,887018,12.27
Aaditya Patel,31,88.24,582,UG,Management,Tier2,India,31979,11281,0.353,794,446276,152798,4642,594432,15,3,1,437290,12.64
Ritika Kapoor,24,72.12,720,UG,Engineering,Tier3,India,20022,3424,0.171,656,996861,82520,117204,962177,10,2,1,729201,12.42
Ravi Reddy,30,76.26,345,UG,Other,Tier2,India,49832,3234,0.065,668,1033241,55606,216101,872746,10,2,1,601921,13.1
Shruti Gupta,24,82.74,568,PG,Arts,Tier3,India,57791,291,0.005,644,327780,140107,19021,448866,10,2,1,366708,11.83
Meera Verma,32,61.68,417,UG,Arts,ForeignOther,UK,83034,18592,0.224,668,2396717,1488131,461251,3423597,12,2,1,2628737,12.32
Ritika Yadav,29,93.22,471,UG,Law,Tier1,India,95264,20097,0.211,724,1180278,191545,92001,1279822,15,3,1,1071126,11.63
Rohan Jain,34,91.03,537,UG,Law,Tier3,India,90362,26001,0.288,750,798454,128194,212250,714398,5,3,1,564872,12.09
Yash Yadav,31,69.13,478,UG,Law,Tier2,India,66914,23828,0.356,778,116944,213586,31424,299106,7,2,1,225044,12.48
Rahul Singh,29,60.54,624,PG,Management,ForeignTop,USA,79987,2541,0.032,611,2617693,831358,233462,3215589,5,1,0,0,
Amit Yadav,25,92.67,540,UG,Arts,Tier2,India,43988,12871,0.293,710,599841,53595,41388,612048,12,3,1,450617,12.64
Kabir Reddy,31,77.54,592,PG,Other,Tier3,India,64210,4813,0.075,654,1396672,241088,172337,1465423,10,0,1,1148625,12.16
Yash Patel,29,78.88,668,UG,Management,Tier3,India,30218,10373,0.343,708,420147,205936,30318,595765,7,1,0,0,
Suresh Singh,17,83.94,579,PG,Engineering,ForeignTop,USA,61567,20171,0.328,860,1781368,1422581,359329,2844620,12,3,1,2179876,12.34
Yash Sharma,23,81.55,593,PG,Law,Tier3,India,62216,13458,0.216,738,410906,59735,101830,368811,12,1,1,283315,12.32
Sarthak Singh,25,93.04,582,UG,Management,Tier2,India,103053,29277,0.284,774,550338,259280,111128,698490,12,1,0,0,
Ravi Khan,17,93.05,489,PG,Management,Tier3,India,54275,6825,0.126,838,1287259,204882,318346,1173795,7,1,1,893842,12.39
Shruti Gupta,28,90.35,469,UG,Engineering,ForeignTop,UK,62251,11732,0.188,788,4527923,374170,539265,4362828,7,3,1,3516060,11.94
Rohan Gupta,24,82.27,750,UG,Medical,Tier3,India,65924,21666,0.329,693,233559,206154,10953,428760,15,2,0,0,
Priya Kapoor,27,88.03,604,Diploma,Arts,Tier1,India,48629,8933,0.184,643,700183,266108,155010,811281,15,2,0,0,
Aaditya Kapoor,33,83.7,422,UG,Other,ForeignTop,USA,39938,5716,0.143,718,5273213,1014255,570258,5717210,5,1,1,4166351,12.71
Yash Verma,24,80.07,549,UG,Medical,Tier3,India,92470,18280,0.198,686,773246,195238,155717,812767,7,2,1,622977,12.34
Shruti Singh,19,64.5,465,PG,Law,Tier3,India,35477,11754,0.331,629,1027408,297670,83419,1241659,7,2,1,852081,13.14
Kunal Verma,19,88.39,767,UG,Management,Tier2,India,26802,3594,0.134,734,265904,239183,6480,498607,7,1,0,0,
Anjali Khan,17,88.72,304,PG,Engineering,Tier3,India,77007,5352,0.07,736,504439,160573,150209,514803,15,1,1,395676,12.31
Ritika Khan,21,81.91,413,UG,Engineering,Tier2,India,88945,25332,0.285,826,656971,226849,30786,853034,12,1,1,664086,12.22
Yash Singh,26,88.71,483,Diploma,Arts,Tier3,India,48715,16095,0.33,698,1387343,147308,411384,1123267,10,3,0,0,
Kabir Singh,23,82.8,544,PG,Medical,Tier1,India,49099,1976,0.04,737,1490557,107219,437007,1160769,15,2,1,960566,11.72
Sana Jain,25,67.23,725,PG,Arts,Tier3,India,67064,6435,0.096,680,162876,199213,38788,323301,7,3,1,254181,12.14
Neha Verma,23,69.59,344,Diploma,Management,ForeignOther,Austr,42304,2402,0.057,772,3846521,1204642,760945,4290218,15,1,1,3321442,12.26
Yash Reddy,25,67.51,703,UG,Arts,Tier1,India,40457,5631,0.139,713,620414,282285,107544,795155,5,2,1,570312,12.83
Yash Gupta,24,73.2,328,Diploma,Other,ForeignOther,Canad,81990,14770,0.18,650,3170008,1385232,823665,3731575,7,2,0,0,
Aaditya Patel,28,61.36,721,UG,Engineering,Tier2,India,75178,22518,0.3,719,1155971,181919,100375,1237515,5,2,1,918775,12.58
Suresh Jain,18,81.64,326,UG,Engineering,ForeignTop,UK,92779,24165,0.26,743,4130020,1208458,579460,4759018,7,3,0,0,
Mohit Gupta,17,71.78,309,UG,Law,Tier3,India,28685,7125,0.248,735,1431300,298908,265960,1464248,15,1,0,0,
Ravi Patel,32,82.95,648,PG,Law,Tier3,India,47438,6686,0.141,783,907972,295279,112005,1091246,12,1,1,901745,11.74
Sana Reddy,21,73.49,799,UG,Management,Tier3,India,67029,22561,0.337,633,599970,212377,76944,735403,10,2,0,0,
Yash Khan,19,83.86,748,PG,Other,ForeignTop,USA,36859,6948,0.189,669,5529057,1096228,547849,6077436,5,2,1,4661984,12.33
Rahul Kapoor,28,71.92,588,PG,Medical,Tier2,India,76042,29781,0.392,758,451402,228775,76409,603768,15,2,1,438460,12.74
Kunal Khan,24,69.12,759,Diploma,Arts,Tier2,India,90616,22985,0.254,676,889704,198290,227028,860966,12,1,1,679089,12.11
Kabir Kapoor,19,77.36,303,UG,Management,Tier3,India,45416,2294,0.051,734,602010,63337,36397,628950,15,2,0,0,
Kabir Singh,17,84.25,788,PG,Law,Tier3,India,60965,16489,0.27,575,1019284,163691,285736,897239,5,1,1,683684,12.38
Kiran Sharma,19,72.19,545,UG,Arts,Tier3,India,96390,12535,0.13,883,436558,218697,90248,565007,10,1,1,444321,12.14
Kiran Reddy,21,92.78,661,UG,Law,Tier3,India,104982,28821,0.275,704,368230,219383,90946,496667,15,2,1,395809,12.03
Vivek Verma,31,61.37,710,UG,Arts,Tier2,India,78645,2191,0.028,792,1385535,143281,231187,1297629,7,2,1,1061749,11.82
Rohan Yadav,30,74.63,659,UG,Medical,Tier3,India,74836,5235,0.07,700,242525,285423,56716,471232,12,1,1,382659,11.88
Sana Yadav,19,93.87,568,PG,Management,Tier1,India,38657,13232,0.342,745,808341,91839,3929,896251,15,1,1,618070,13.1
Ritika Verma,17,79.18,538,PG,Arts,Tier3,India,68980,6268,0.091,810,409194,175090,100463,483821,12,1,1,387844,11.98
Anjali Gupta,21,74.82,719,UG,Other,Tier1,India,73921,24750,0.335,790,154502,222721,1860,375363,7,1,1,302147,11.95
Yash Sharma,30,79.9,403,UG,Engineering,Tier2,India,54741,6115,0.112,708,150426,224284,40160,334550,10,2,1,259795,12.23
Mohit Singh,23,80.16,784,UG,Other,Tier2,India,45131,11606,0.257,712,345310,212160,102760,454710,10,3,0,0,
Kiran Yadav,25,85.61,655,UG,Other,Tier2,India,27968,7766,0.278,780,1313478,118822,115875,1316425,7,1,1,1026427,12.2
Neha Sharma,31,64.47,400,Diploma,Engineering,Tier3,India,16557,3395,0.205,860,495470,89052,31262,553260,12,2,0,0,
Kabir Jain,31,68.75,668,UG,Other,Tier2,India,11303,1380,0.122,732,1430643,208985,328489,1311139,15,3,0,0,
Sana Gupta,26,80.32,565,UG,Arts,Tier2,India,74486,6336,0.085,837,914271,199826,69400,1044697,7,2,1,847534,11.89
Anjali Patel,29,90.35,654,UG,Arts,Tier2,India,63692,846,0.013,706,711260,94839,184692,621407,5,1,1,519279,11.64
Kabir Gupta,23,79.67,684,PG,Arts,Tier2,India,47905,5824,0.122,777,912124,226285,28142,1110267,12,3,1,926120,11.66
Aaditya Gupta,33,68.35,344,Diploma,Engineering,Tier2,India,51714,13511,0.261,786,823378,163793,31113,956058,10,1,1,725234,12.41
Kiran Yadav,20,83.79,553,PG,Other,Tier1,India,65262,24494,0.375,695,1162287,216940,341417,1037810,7,1,0,0,
Rohan Reddy,21,85.9,766,PG,Engineering,Tier3,India,55886,19475,0.348,675,495494,259342,100165,654671,10,1,1,510830,12.2
Rahul Gupta,23,68.34,460,PG,Arts,Tier3,India,26486,8116,0.306,789,594271,92432,150984,535719,12,2,1,378427,12.94
Neha Kapoor,29,73.22,597,UG,Other,Tier3,India,82825,26121,0.315,688,1351732,54786,131522,1274996,10,1,1,977065,12.34
Kunal Reddy,31,78.7,485,Diploma,Other,Tier2,India,67603,17982,0.266,666,1425039,244776,289205,1380610,7,1,1,1100503,12.03
Rohan Gupta,27,77.38,527,PG,Law,Tier2,India,66647,6939,0.104,679,1349582,202424,240593,1311413,12,1,1,969430,12.61
Neha Yadav,20,73.64,574,PG,Law,ForeignTop,UK,80939,29371,0.363,688,2222082,1179600,402075,2999607,5,2,1,2430749,11.9
Ravi Kapoor,29,70.42,574,PG,Medical,Tier3,India,39659,10640,0.268,771,1192512,259539,244178,1207873,7,3,1,893246,12.6
Yash Reddy,23,63.5,401,PG,Management,Tier2,India,90343,20253,0.224,751,766870,250703,132368,885205,15,1,1,717248,11.9
Rohan Sharma,18,61.87,642,PG,Law,Tier1,India,56499,2508,0.044,763,796556,290230,102532,984254,7,3,1,729387,12.59
Rohan Khan,26,93.55,344,Diploma,Engineering,Tier2,India,82215,14702,0.179,745,386552,183984,31998,538538,12,3,1,432744,11.96
Neha Singh,29,89.65,369,Diploma,Law,Tier2,India,78361,14430,0.184,684,927582,172124,213877,885829,7,2,1,658899,12.56
Mohit Verma,22,72.42,301,PG,Medical,Tier2,India,34030,11768,0.346,762,360590,150472,24477,486585,5,1,0,0,
Suresh Jain,28,93.49,358,PG,Other,Tier3,India,72573,15869,0.219,791,564191,88423,117186,535428,5,2,1,424494,12.07
Yash Jain,28,83.69,537,UG,Medical,Tier3,India,68157,10371,0.152,755,1297042,193152,90793,1399401,15,3,1,1148491,11.79
Rohan Singh,27,76.89,603,PG,Other,Tier3,India,60758,23739,0.391,747,389906,119253,73146,436013,10,2,1,320840,12.64
Suresh Kapoor,23,77.26,697,UG,Other,Tier3,India,57641,2553,0.044,674,199622,280327,44740,435209,12,1,0,0,
Yash Jain,17,62.91,353,PG,Management,Tier3,India,57853,9778,0.169,733,196611,195798,12900,379509,12,2,0,0,
Ritika Khan,17,63.21,725,Diploma,Law,Tier3,India,80317,1350,0.017,671,1417098,198210,25484,1589824,10,2,1,1261033,12.07
Suresh Gupta,29,81.09,673,PG,Engineering,ForeignOther,Austr,74448,22034,0.296,719,3105987,992229,122041,3976175,5,2,1,3196173,11.96
Vivek Verma,25,79.38,504,UG,Engineering,Tier1,India,60762,22314,0.367,622,673177,62997,122383,613791,5,1,1,461389,12.48
Ritika Jain,19,67.45,766,UG,Arts,Tier2,India,22702,2543,0.112,622,1235230,57936,314779,978387,7,1,1,711326,12.73
Kabir Kapoor,23,93.12,795,UG,Other,Tier1,India,72361,24844,0.343,709,1270156,155834,17146,1408844,15,2,1,1210042,11.41
Suresh Yadav,22,87.35,403,PG,Engineering,Tier3,India,78090,9128,0.117,687,565067,71141,124453,511755,15,3,0,0,
Sarthak Patel,24,63.97,490,UG,Management,ForeignTop,UK,117510,42810,0.364,726,5612048,380681,574649,5418080,15,1,1,4212268,12.23
Sarthak Patel,25,92.58,763,UG,Other,Tier2,India,86886,26203,0.302,712,1179572,270243,169338,1280477,7,3,1,984689,12.31
Sarthak Khan,21,94.1,661,UG,Management,ForeignTop,UK,12521,4031,0.322,722,2970341,1186640,827709,3329272,15,1,0,0,
Anjali Verma,17,94.86,324,PG,Engineering,Tier1,India,61961,446,0.007,757,312233,214761,31096,495898,10,2,0,0,
Anjali Singh,26,61.96,691,PG,Engineering,ForeignTop,USA,105284,40547,0.385,692,3775354,1090461,527043,4338772,7,2,1,3538146,11.85
Anjali Singh,28,85.8,714,UG,Arts,Tier2,India,75589,21971,0.291,707,854732,265749,3508,1116973,10,2,1,903228,11.91
Aaditya Verma,31,79.11,675,UG,Engineering,Tier1,India,68216,8316,0.122,807,495461,271523,12129,754855,7,3,1,590444,12.18
Aaditya Patel,25,84.7,700,PG,Other,Tier2,India,82506,27372,0.332,720,695319,99163,53941,740541,15,1,0,0,
Yash Jain,33,93.9,713,PG,Other,Tier2,India,44441,5004,0.113,709,152600,234357,1275,385682,10,3,1,312047,11.91
Sana Sharma,33,84.08,393,PG,Other,Tier2,India,71952,25119,0.349,725,279014,121630,52849,347795,10,1,1,277811,12.01
Rahul Sharma,28,89.29,418,UG,Arts,Tier2,India,53738,2420,0.045,710,1171765,250660,149892,1272533,10,2,1,1009635,12.07
Kunal Reddy,23,90.34,617,PG,Arts,Tier3,India,59509,16750,0.281,677,100016,299309,16447,382878,7,2,1,302060,12.11
Yash Patel,18,89.35,754,UG,Engineering,Tier3,India,80711,17456,0.216,660,683192,57507,35795,704904,12,2,1,566826,11.96
Kunal Yadav,19,74.91,458,PhD,Medical,Tier2,India,36832,1422,0.039,674,831514,274341,73821,1032034,15,1,0,0,
Neha Khan,33,67.79,594,PG,Medical,Tier3,India,92200,8921,0.097,772,176488,205658,35147,346999,10,3,1,295643,11.48
Sarthak Yadav,21,73.88,641,UG,Arts,Tier3,India,49430,245,0.005,682,1462309,293346,423471,1332184,12,1,1,973203,12.69
Vivek Yadav,33,91.22,526,UG,Engineering,Tier2,India,66517,12472,0.188,711,416575,166252,6301,576526,15,1,1,443740,12.3
Rahul Kapoor,33,65.13,657,PG,Medical,Tier2,India,24987,3011,0.121,762,525878,261847,140470,647255,15,2,1,470975,12.72
Anjali Jain,33,77.97,750,PG,Engineering,Tier1,India,77996,18668,0.239,703,525520,65599,90949,500170,10,2,1,404690,11.91
Anjali Kapoor,18,68.16,612,PG,Engineering,Tier2,India,96163,11433,0.119,758,422583,133820,71491,484912,10,2,1,413172,11.48
Amit Jain,18,80.35,570,PG,Engineering,Tier3,India,47134,5655,0.12,628,102063,66754,15318,153499,7,1,1,111197,12.76
Mohit Kapoor,21,90.21,519,PG,Law,Tier2,India,32244,9585,0.297,712,1121083,293836,23339,1391580,12,1,1,924991,13.35
Ritika Singh,17,90.81,589,PG,Other,Tier3,India,66950,1289,0.019,725,1453584,254243,39193,1668634,12,2,1,1324286,12.06
Shruti Singh,17,68.28,478,UG,Engineering,Tier3,India,96370,34805,0.361,721,414011,263137,74635,602513,10,2,1,480053,12.03
Aaditya Patel,18,91.77,496,PhD,Law,Tier1,India,23754,8098,0.341,621,1028266,284491,105179,1207578,15,1,0,0,
Kunal Singh,28,80.72,566,UG,Arts,Tier3,India,32342,8639,0.267,792,1138655,71276,313336,896595,10,2,0,0,
Sarthak Yadav,22,72.26,333,UG,Medical,Tier2,India,48645,11543,0.237,669,1287796,146399,157082,1277113,15,2,1,895426,12.99
Neha Singh,20,84.79,415,Diploma,Other,ForeignOther,Austr,39491,14095,0.357,740,4734328,1284835,203502,5815661,15,2,0,0,
Neha Yadav,27,76.86,571,UG,Medical,Tier2,India,39570,2933,0.074,720,524103,102698,112376,514425,10,2,0,0,
Kabir Khan,33,73.23,516,UG,Other,Tier3,India,8000,253,0.032,780,555413,107341,48880,613874,5,2,1,438081,12.86
Yash Kapoor,22,84.68,466,UG,Medical,Tier3,India,74726,7159,0.096,851,1097670,167277,173038,1091909,12,2,1,965369,11.16
Sarthak Verma,21,68.71,665,Diploma,Other,Tier1,India,68468,21761,0.318,643,1243491,117141,260325,1100307,15,2,0,0,
Ritika Sharma,18,71.56,647,UG,Medical,Tier3,India,17529,243,0.014,681,354260,75245,95678,333827,15,1,1,240482,12.8
Neha Reddy,22,75.21,383,UG,Medical,ForeignOther,Canad,96430,22480,0.233,731,2245867,550871,533747,2262991,5,2,1,1721304,12.39
Mohit Singh,27,68.88,739,UG,Medical,Tier3,India,102027,40625,0.398,654,1362716,86819,276506,1173029,7,2,0,0,
Ravi Reddy,32,74.18,548,UG,Medical,Tier3,India,41227,14111,0.342,767,1229371,293269,250656,1271984,5,2,1,936537,12.64
Neha Yadav,32,80,671,UG,Arts,ForeignTop,Canad,89164,18598,0.209,771,3094221,878559,878070,3094710,5,1,1,2644311,11.46
Aaditya Jain,17,85.93,587,UG,Engineering,Tier2,India,45675,1163,0.025,754,1155948,291940,102587,1345301,15,3,1,1067520,12.06
Ravi Yadav,25,86.85,799,PG,Management,Tier2,India,64528,21459,0.333,734,650473,159935,217,810191,12,2,1,628552,12.24
Kabir Khan,22,88.8,676,UG,Law,Tier3,India,39106,9369,0.24,802,926893,119592,75622,970863,5,1,1,819075,11.56
Ravi Reddy,32,86.05,653,UG,Management,Tier2,India,115356,5303,0.046,651,1025420,249573,67029,1207964,7,1,1,1009080,11.65
Kunal Sharma,19,83.84,689,UG,Management,Tier3,India,52600,1975,0.038,724,209838,131563,41663,299738,10,3,0,0,
Ravi Yadav,20,68.31,372,UG,Other,ForeignTop,USA,63161,22981,0.364,676,1759795,761533,334561,2186767,5,0,1,1522427,13.04
Meera Jain,19,74.01,402,PG,Engineering,Tier2,India,42802,11457,0.268,773,1093049,108126,194605,1006570,5,3,1,752345,12.53
Amit Patel,23,76.72,657,PG,Other,Tier2,India,106533,35339,0.332,610,334250,82420,1629,415041,7,2,1,328260,12.09
Suresh Patel,25,62.9,547,UG,Engineering,Tier3,India,107165,37678,0.352,718,1192884,114116,260804,1046196,12,2,1,759405,12.74
Kiran Khan,17,78.49,677,UG,Engineering,Tier2,India,100773,23048,0.229,740,917282,138830,89031,967081,5,1,1,853146,11.18
Meera Sharma,24,75.27,351,UG,Medical,Tier3,India,83911,17368,0.207,663,1433110,218499,285930,1365679,5,1,0,0,
Meera Sharma,23,88.07,568,PhD,Arts,Tier2,India,44380,7641,0.172,682,159391,65641,26614,198418,12,3,0,0,
Neha Sharma,34,94.23,489,PG,Medical,Tier3,India,80696,10231,0.127,721,471457,102627,48475,525609,7,1,1,403180,12.33
Aaditya Reddy,24,79.46,529,PG,Arts,Tier1,India,59824,10400,0.174,777,942175,252256,38038,1156393,5,2,1,915583,12.08
Ritika Khan,17,71.29,602,UG,Other,Tier3,India,92810,28730,0.31,658,515184,86730,14593,587321,12,1,1,454629,12.26
Sana Gupta,27,61.52,551,Diploma,Arts,Tier2,India,87898,21163,0.241,668,1100194,135661,274449,961406,5,1,1,741883,12.28
Rohan Patel,34,92.36,570,UG,Other,Tier3,India,43768,15626,0.357,788,1162607,266165,320321,1108451,10,0,1,858339,12.26
Mohit Jain,26,92.17,543,UG,Management,Tier2,India,83696,14844,0.177,704,243522,88731,47471,284782,15,2,1,231711,11.86
Suresh Khan,19,68.85,504,UG,Management,Tier3,India,77051,18711,0.243,673,819396,70684,25426,864654,10,3,0,0,
Ritika Patel,23,84.34,686,UG,Arts,ForeignTop,UK,8000,2020,0.252,764,3353811,974627,404497,3923941,5,1,1,2986230,12.39
Priya Gupta,32,62.64,306,Diploma,Arts,Tier2,India,80023,18940,0.237,691,616993,125605,134925,607673,7,1,1,426340,12.98
Aaditya Patel,32,65.82,599,PG,Other,Tier1,India,49205,13829,0.281,782,1406095,190852,328951,1267996,15,1,1,1013585,12.01
Suresh Singh,33,67.59,583,UG,Medical,Tier1,India,37849,3595,0.095,680,1258509,250951,44634,1464826,10,2,1,1154237,12.12
Ritika Sharma,18,70.31,658,PG,Other,Tier3,India,38918,7976,0.205,710,1076093,84287,10,1160370,12,1,1,977972,11.57
Yash Gupta,17,94.85,600,Diploma,Medical,Tier3,India,56619,2360,0.042,777,1100057,195175,235017,1060215,7,3,1,825172,12.22
Rahul Sharma,32,84.39,713,PhD,Management,Tier3,India,72001,11074,0.154,706,746403,176377,79849,842931,10,2,1,682225,11.91
Kiran Khan,28,73.45,780,PG,Engineering,Tier2,India,25863,5045,0.195,765,1389392,86020,106072,1369340,12,2,0,0,
Suresh Jain,21,85.8,471,Diploma,Arts,Tier2,India,64746,16892,0.261,716,1072434,206000,4150,1274284,5,1,1,992275,12.21
Ravi Gupta,21,92.03,414,Diploma,Medical,Tier3,India,74419,28295,0.38,839,1120573,118410,181633,1057350,12,3,1,818449,12.26
Ravi Yadav,25,93.55,512,PG,Other,Tier2,India,106545,25599,0.24,814,1306367,171959,333575,1144751,10,1,1,1027305,11.03
Sana Yadav,25,62.03,444,UG,Management,ForeignOther,USA,33083,9840,0.297,640,3263367,783849,937531,3109685,10,1,1,2059146,13.38
Rohan Jain,19,73.81,607,UG,Medical,Tier1,India,51260,10380,0.202,751,1229899,164896,208743,1186052,5,2,0,0,
Rohan Singh,32,63.74,756,PG,Other,Tier3,India,66542,16878,0.254,671,373337,126616,57620,442333,12,2,1,332303,12.49
Anjali Jain,32,71.75,370,UG,Arts,Tier2,India,88685,2516,0.028,731,583479,255595,14889,824185,12,1,1,598556,12.74
Rahul Jain,19,65.94,350,PG,Arts,Tier2,India,52394,5331,0.102,724,569855,64245,93833,540267,5,1,1,409384,12.42
Amit Sharma,17,82.64,428,UG,Law,Tier3,India,89966,13022,0.145,657,1469936,154652,167563,1457025,12,2,1,1037493,12.88
Neha Khan,27,73.59,663,UG,Engineering,Tier3,India,11566,2186,0.189,784,1299152,164608,236628,1227132,5,1,1,916210,12.53
Suresh Kapoor,33,68.03,596,UG,Law,ForeignOther,USA,28666,523,0.018,732,1810707,725877,211161,2325423,7,2,0,0,
Kiran Kapoor,24,69.31,351,UG,Management,Tier1,India,68716,3849,0.056,703,1117879,193572,80588,1230863,10,2,1,914668,12.57
Sana Khan,20,72.61,759,Diploma,Medical,Tier1,India,24729,2738,0.111,694,886902,216803,25267,1078438,7,1,1,864898,11.98
Kabir Gupta,22,69.1,695,PG,Management,Tier3,India,30638,11906,0.389,728,1425927,244262,134715,1535474,15,2,0,0,
Neha Khan,24,75.86,312,PG,Other,Tier3,India,46806,6204,0.133,744,794762,265551,23043,1037270,15,1,1,737366,12.89
Amit Jain,19,61.13,626,PG,Arts,Tier2,India,79286,15288,0.193,713,632725,128469,33578,727616,15,2,0,0,
Ravi Yadav,32,69.79,686,UG,Law,Tier1,India,12601,988,0.078,550,328249,184506,97228,415527,5,2,1,290018,13.02
Neha Khan,19,74.39,487,PG,Law,Tier1,India,64257,15699,0.244,721,1200688,260027,159969,1300746,12,1,1,1001736,12.3
Kunal Kapoor,34,81.1,334,PG,Law,ForeignTop,USA,85824,9636,0.112,634,3910455,1292763,623958,4579260,7,2,0,0,
Kabir Sharma,30,69.48,339,PG,Management,Tier2,India,55126,4564,0.083,707,638097,272380,167236,743241,7,3,1,561137,12.45
Neha Sharma,34,64.66,352,UG,Arts,Tier2,India,50779,10492,0.207,636,135271,142867,40401,237737,7,1,0,0,
Yash Gupta,18,62.67,720,PG,Medical,Tier2,India,70044,154,0.002,635,1274596,98792,222818,1150570,7,3,1,872684,12.42
Ravi Singh,19,92.92,755,UG,Other,Tier2,India,55197,169,0.003,794,115985,172348,28270,260063,15,1,1,213115,11.81
Anjali Reddy,32,74.58,361,Diploma,Medical,Tier1,India,94762,8304,0.088,701,1085180,235410,106437,1214153,7,1,1,969987,12.01
Meera Jain,25,80.34,418,PhD,Management,Tier3,India,32215,473,0.015,696,1458360,173142,133765,1497737,12,1,1,1105630,12.62
Shruti Gupta,20,92.17,383,UG,Other,Tier1,India,58709,2537,0.043,749,712726,170795,86105,797416,15,1,0,0,
Rahul Patel,17,62.9,393,PG,Law,Tier3,India,65142,8830,0.136,698,428963,259558,86544,601977,7,1,1,427577,12.9
Suresh Khan,20,90.68,719,PG,Engineering,Tier2,India,50539,16225,0.321,846,1086819,140351,222426,1004744,5,0,0,0,
Anjali Yadav,17,79.31,466,UG,Management,Tier3,India,8000,1831,0.229,704,1243979,264949,117645,1391283,10,3,0,0,
Rohan Gupta,30,65.77,456,PhD,Management,ForeignTop,UK,55977,11479,0.205,742,3598394,1363418,143803,4818009,10,2,1,3508650,12.72
Kabir Reddy,32,74.39,414,PhD,Arts,Tier3,India,82504,9686,0.117,778,1453849,132058,275823,1310084,10,2,1,1017000,12.24
Amit Yadav,24,87.22,604,UG,Medical,Tier3,India,79453,29612,0.373,816,172336,163497,6635,329198,15,1,1,272604,11.72
Suresh Sharma,23,76.81,490,UG,Management,Tier2,India,68869,10937,0.159,675,806714,240612,140003,907323,7,1,0,0,
Sana Gupta,19,94.49,672,UG,Management,Tier2,India,32553,1134,0.035,695,1105836,81501,230043,957294,15,1,1,741385,12.26
Rohan Verma,33,73.19,403,UG,Law,Tier3,India,69883,17249,0.247,796,1307697,99105,274856,1131946,12,2,1,944413,11.66
Sana Jain,17,86.24,694,UG,Law,ForeignOther,Austr,45664,2079,0.046,769,1801381,1202877,407187,2597071,5,3,1,1972166,12.41
Ravi Verma,32,73.75,602,PhD,Other,Tier3,India,68837,9506,0.138,785,1220005,93873,319468,994410,5,1,1,738482,12.57
Neha Patel,28,89.02,357,UG,Engineering,Tier3,India,63038,12794,0.203,638,873790,191932,131058,934664,10,1,1,710138,12.4
Amit Jain,30,79.92,507,UG,Arts,Tier3,India,35591,12446,0.35,813,655175,194829,143532,706472,10,2,0,0,
Ravi Gupta,22,62.22,732,Diploma,Engineering,Tier2,India,37689,7441,0.197,674,284401,172406,52828,403979,10,1,1,295026,12.7
Rahul Patel,22,61.29,761,PG,Other,Tier1,India,68876,19348,0.281,732,1311414,211186,73429,1449171,7,1,1,1094623,12.45
Anjali Singh,29,64.68,533,UG,Law,Tier3,India,54472,21632,0.397,711,320182,107457,2468,425171,12,2,1,305715,12.81
Aaditya Jain,24,60.48,540,UG,Medical,ForeignOther,USA,38993,2051,0.053,667,1833474,1299516,156510,2976480,12,2,1,2312975,12.23
Kabir Singh,18,62.64,759,UG,Law,Tier2,India,36929,4058,0.11,635,506064,143043,67261,581846,12,1,1,444930,12.35
Aaditya Yadav,17,84.21,594,PG,Arts,Tier3,India,52404,8271,0.158,615,1319980,215417,244370,1291027,12,0,1,997564,12.27
Aaditya Gupta,31,78.7,316,UG,Law,Tier2,India,99203,16739,0.169,727,1041784,85306,265642,861448,10,3,1,637023,12.61
Shruti Singh,17,86.25,756,PG,Arts,Tier3,India,46848,7702,0.164,628,1215354,192719,71552,1336521,5,1,1,975384,12.7
Kiran Gupta,21,91.96,424,Diploma,Arts,Tier1,India,59650,21656,0.363,652,450655,96318,16974,529999,10,1,1,343000,13.53
Vivek Singh,32,80.48,589,UG,Arts,Tier2,India,62541,17863,0.286,707,974824,119661,281767,812718,12,1,0,0,
Sana Kapoor,20,85.41,383,PhD,Other,Tier3,India,31724,7714,0.243,562,900444,104677,29186,975935,10,0,1,695219,12.88
Priya Reddy,19,86.5,317,Diploma,Arts,Tier2,India,15929,1971,0.124,767,1265963,95709,181726,1179946,12,1,1,872820,12.6
Priya Sharma,33,73.22,456,UG,Arts,Tier3,India,34334,11314,0.33,575,1368522,256428,240407,1384543,15,2,0,0,
Rohan Jain,33,68.44,690,PhD,Medical,Tier3,India,66177,25281,0.382,715,117019,121427,19005,219441,5,1,0,0,
Amit Verma,28,67.18,439,PG,Engineering,ForeignTop,UK,62183,20426,0.328,721,3163084,987651,81638,4069097,15,1,1,2904780,12.86
Shruti Jain,30,68.8,410,Diploma,Management,Tier2,India,77560,49,0.001,752,172570,292482,2952,462100,7,2,1,365348,12.09
Meera Verma,22,69.62,406,PG,Engineering,Tier2,India,62419,15889,0.255,717,868402,192815,27481,1033736,10,2,1,787483,12.38
Rohan Gupta,19,67.25,558,PG,Arts,Tier2,India,57261,1171,0.02,841,502686,85750,88310,500126,7,3,1,376374,12.47
Aaditya Khan,25,90.74,788,PG,Medical,ForeignOther,Austr,44900,4627,0.103,733,4689445,307655,765803,4231297,10,3,1,3430953,11.89
Meera Verma,21,86.49,529,PhD,Law,ForeignTop,USA,82115,1955,0.024,783,1537637,1474026,107823,2903840,15,0,1,2473383,11.48
Kabir Kapoor,33,61.64,579,PG,Medical,Tier3,India,37020,8941,0.242,677,969809,141848,185556,926101,12,2,1,653574,12.94
Rohan Yadav,30,69.4,730,PG,Arts,Tier3,India,32240,8854,0.275,727,567670,71754,139658,499766,12,2,1,383905,12.32
Meera Singh,19,60.78,568,PhD,Medical,Tier3,India,74176,3397,0.046,813,1125779,189196,14043,1300932,10,3,1,1154540,11.13
Vivek Kapoor,17,77.44,392,UG,Medical,Tier3,India,26671,4095,0.154,706,666338,261280,99577,828041,12,2,1,590882,12.86
Yash Kapoor,17,76.67,450,UG,Arts,Tier1,India,120370,21967,0.182,732,195694,248982,40468,404208,15,3,1,334345,11.73
Meera Sharma,19,89.1,455,UG,Other,Tier3,India,62000,9153,0.148,779,1197264,93781,90625,1200420,12,2,1,917652,12.36
Neha Patel,34,70.77,499,UG,Medical,Tier1,India,68698,3326,0.048,675,500062,218191,46171,672082,15,1,0,0,
Meera Kapoor,26,88.57,513,UG,Management,Tier3,India,39790,6668,0.168,590,705874,105126,129945,681055,7,2,1,501485,12.64
Mohit Kapoor,19,93.88,700,Diploma,Management,Tier3,India,52118,15660,0.3,735,1059621,104552,285441,878732,15,3,1,694414,12.1
Suresh Jain,24,63.09,475,UG,Medical,Tier3,India,49331,1401,0.028,779,565439,268518,137389,696568,5,3,1,511019,12.66
Neha Yadav,30,87.71,534,PG,Other,Tier1,India,46454,1490,0.032,639,179220,112417,31353,260284,5,1,0,0,
Amit Patel,34,80.65,612,UG,Law,Tier2,India,75824,10760,0.142,760,623489,115812,136586,602715,5,2,1,511948,11.51
Rohan Reddy,31,76.8,489,PhD,Arts,Tier2,India,48761,18368,0.377,761,1422228,50163,155658,1316733,10,1,1,994315,12.45
Anjali Sharma,18,74.72,718,Diploma,Management,Tier2,India,85438,22849,0.267,584,998428,267667,191987,1074108,10,0,1,853754,12.05
Suresh Reddy,26,87.46,594,UG,Law,Tier1,India,126580,34362,0.271,664,1040071,248149,145459,1142761,10,1,1,931394,11.85
Ravi Yadav,18,82.38,447,PhD,Medical,ForeignTop,Canad,52611,7616,0.145,696,4520209,444465,257565,4707109,15,1,1,3637431,12.27
Vivek Yadav,33,88.18,657,UG,Law,Tier3,India,63808,15152,0.237,709,378589,237566,79701,536454,10,2,1,425442,12.07
Yash Verma,24,91.61,564,PG,Engineering,Tier2,India,69487,282,0.004,675,685667,88012,114465,659214,7,1,1,505378,12.33
Meera Patel,17,81.6,567,UG,Management,Tier2,India,105288,26789,0.254,672,1151316,164581,123866,1192031,5,2,1,961657,11.93
Neha Yadav,25,94.32,541,Diploma,Medical,Tier2,India,57934,21164,0.365,820,241922,137805,66142,313585,15,0,1,237720,12.42
Kabir Kapoor,27,81.28,549,UG,Arts,Tier3,India,39275,9624,0.245,714,488994,73444,3071,559367,5,1,1,405324,12.75
Rohan Kapoor,32,82.28,683,PG,Other,Tier3,India,28341,9905,0.349,678,486847,171533,46120,612260,10,1,0,0,
Vivek Yadav,23,79.42,351,PG,Medical,ForeignTop,Austr,58550,16955,0.29,718,5587028,800632,95339,6292321,15,1,1,4680161,12.56
Amit Verma,26,63.19,467,UG,Arts,Tier2,India,48790,2353,0.048,752,1472516,60015,338617,1193914,12,1,1,858025,12.81
Ritika Sharma,19,85.42,338,UG,Other,ForeignOther,USA,110250,39798,0.361,723,4187199,505124,881959,3810364,7,1,1,3102785,11.86
Sarthak Kapoor,34,79.16,677,UG,Other,ForeignTop,Austr,104247,2771,0.027,708,4443597,801774,441719,4803652,10,2,0,0,
Sarthak Jain,29,75.78,436,UG,Medical,Tier2,India,34141,7292,0.214,681,351111,109537,71170,389478,10,1,0,0,
Kiran Gupta,23,91.87,749,PG,Law,ForeignTop,Austr,42231,2401,0.057,680,4104630,1377558,487553,4994635,7,1,0,0,
Anjali Verma,20,70.43,563,UG,Law,Tier1,India,61844,290,0.005,684,258625,167017,58676,366966,7,1,1,281300,12.33
Kabir Singh,29,78.33,700,UG,Other,Tier3,India,94931,16026,0.169,740,665041,166575,90615,741001,12,3,1,600696,11.89
Kunal Yadav,17,84.42,789,UG,Law,Tier2,India,61425,7249,0.118,660,1133039,240144,140139,1233044,10,3,1,981191,12.04
Mohit Khan,24,87.88,720,PG,Engineering,ForeignTop,Austr,43819,8518,0.194,744,4723787,319911,1324640,3719058,10,2,1,2879591,12.26
Kabir Patel,30,76.08,733,UG,Other,ForeignTop,Austr,58528,13513,0.231,805,2719242,1094062,204660,3608644,5,1,1,2676374,12.58
Aaditya Singh,32,89.47,504,UG,Other,Tier3,India,44288,775,0.017,740,585134,157496,21143,721487,15,1,1,552680,12.34
Shruti Sharma,30,86.91,576,UG,Arts,Tier3,India,75062,3693,0.049,698,656657,199228,115153,740732,15,3,0,0,
Neha Khan,28,62.32,427,UG,Law,Tier2,India,42274,9446,0.223,642,469987,299889,136671,633205,5,1,0,0,
Yash Sharma,31,61.61,398,PG,Other,Tier1,India,47239,6484,0.137,815,387466,242362,43920,585908,15,1,1,427995,12.7
Meera Verma,18,81.73,553,UG,Engineering,Tier2,India,89048,25973,0.292,650,776256,149466,14447,911275,7,1,1,748857,11.78
Kabir Jain,18,72.16,598,UG,Arts,Tier2,India,40791,10643,0.261,771,475947,256888,48447,684388,15,1,1,477566,13.02
