name,age,city_tier,employment_type,monthly_income,co_applicant_income,existing_emi,dti,cibil_score,property_value,down_payment,loan_amount_requested,ltv,property_age,builder_grade,legal_issue_flag,tenure_years,job_tenure_months,loan_status,approved_amount,interest_rate
Meera Yadav,34,Metro,Salaried,69934,17565,5611,0.08,818,7213630,2424292,4789338,0.664,35,A,0,20,22,0,0,
Vivek Kapoor,25,Rural,Salaried,57235,21597,14468,0.253,690,13684274,2663262,11021012,0.805,36,B,0,20,12,0,0,
Rahul Gupta,42,Metro,Self-Employed,72954,41209,18385,0.252,789,16349073,5010017,11339056,0.694,21,B,0,20,10,1,9118200,12.04
Yash Reddy,35,Metro,Self-Employed,90461,39156,20300,0.224,729,15483418,3581019,11902399,0.769,11,B,1,20,7,0,0,
Kunal Reddy,35,Urban,Salaried,55317,29686,13436,0.243,738,16158459,2850371,13308088,0.824,12,B,0,30,47,0,0,
Kunal Reddy,58,Urban,Salaried,55317,31760,10508,0.19,774,9276083,3267607,6008476,0.648,10,A,0,20,73,0,0,
Priya Gupta,38,Metro,Salaried,91584,49165,8071,0.088,684,16538850,1844543,14694307,0.888,15,B,0,25,41,0,0,
Rahul Verma,31,Metro,Salaried,75349,21126,9117,0.121,759,3283972,1216806,2067166,0.629,7,A,0,20,8,1,1659034,11.86
Suresh Kapoor,33,Metro,Salaried,50611,38206,3217,0.064,748,11345293,2705208,8640085,0.762,39,B,0,25,80,0,0,
Sarthak Khan,44,Metro,Salaried,70851,26967,22528,0.318,765,1109415,323018,786397,0.709,39,A,0,25,49,0,0,
Sarthak Reddy,37,Metro,Salaried,50732,26735,10359,0.204,754,7167131,2134416,5032715,0.702,1,B,0,15,24,0,0,
Aaditya Gupta,26,Metro,Govt,50685,46482,7111,0.14,863,7962769,2934562,5028207,0.631,29,C,0,20,54,1,4169067,11.6
Meera Reddy,42,Metro,Salaried,64839,42381,10485,0.162,708,8527281,2481446,6045835,0.709,29,C,0,15,14,0,0,
Sarthak Khan,31,Metro,Salaried,21734,42203,7206,0.332,713,14213877,4039301,10174576,0.716,11,B,0,25,20,0,0,
Neha Verma,49,Urban,Salaried,25502,49582,1369,0.054,709,8382604,1005876,7376728,0.88,9,B,0,20,120,0,0,
Ritika Sharma,44,Rural,Salaried,48754,30315,10003,0.205,712,9525179,2433897,7091282,0.744,10,B,0,30,16,0,0,
Ravi Gupta,33,Urban,Salaried,39743,40229,7037,0.177,708,5513338,799714,4713624,0.855,14,B,0,10,30,0,0,
Ravi Gupta,45,Metro,Self-Employed,66285,25346,14186,0.214,799,8091784,2599325,5492459,0.679,15,C,0,25,106,1,4114558,12.55
Amit Jain,36,Metro,Salaried,41840,34862,265,0.006,811,5318123,1349030,3969093,0.746,16,A,0,25,59,1,3152779,12.29
Sana Singh,42,Rural,Salaried,31754,28048,9693,0.305,711,2390723,726943,1663780,0.696,25,C,0,25,3,0,0,
Rohan Patel,39,Metro,Govt,89313,31455,29138,0.326,698,12465523,1402395,11063128,0.887,1,C,0,20,8,0,0,
Vivek Yadav,30,Metro,Govt,55484,38927,10975,0.198,764,13696043,1717999,11978044,0.875,11,B,0,20,1,0,0,
Mohit Reddy,31,Urban,Self-Employed,61351,17727,14959,0.244,712,12770317,4021335,8748982,0.685,25,A,0,25,48,0,0,
Vivek Verma,43,Urban,Salaried,31505,61386,10172,0.323,772,9806387,1192705,8613682,0.878,22,A,0,15,28,0,0,
Suresh Verma,34,Urban,Self-Employed,49112,14910,12157,0.248,750,8215930,997225,7218705,0.879,17,C,0,15,7,1,5417519,13.13
Kiran Sharma,33,Metro,Salaried,62218,11787,3322,0.053,664,17403339,1803552,15599787,0.896,31,A,0,20,152,0,0,
Vivek Gupta,29,Metro,Salaried,36980,47372,7459,0.202,817,10862554,4203270,6659284,0.613,37,C,0,20,36,0,0,
Rohan Gupta,39,Rural,Salaried,67514,41875,14337,0.212,830,10104456,3246082,6858374,0.679,2,A,0,15,13,1,5413796,12.14
Anjali Khan,50,Metro,Salaried,47987,39362,7123,0.148,709,1487199,306326,1180873,0.794,37,A,0,15,33,0,0,
Shruti Reddy,29,Urban,Salaried,54166,39425,13962,0.258,721,7483709,1414127,6069582,0.811,2,C,0,15,55,1,4484519,13.04
Vivek Khan,36,Urban,Salaried,47966,29816,15686,0.327,754,8223717,1685130,6538587,0.795,29,B,0,25,4,1,4842411,12.98
Rahul Sharma,46,Urban,Govt,97046,16541,31438,0.324,757,8577633,2851171,5726462,0.668,0,B,0,25,15,1,4311574,12.47
Priya Sharma,35,Metro,Govt,59730,31137,9425,0.158,773,12023275,3587880,8435395,0.702,29,B,0,25,79,1,6329244,12.6
Shruti Patel,39,Metro,Self-Employed,38846,19843,1540,0.04,841,11138448,1732682,9405766,0.844,31,A,0,30,30,1,7519138,12.54
Kiran Jain,29,Urban,Salaried,76451,44627,26352,0.345,731,12550197,1910552,10639645,0.848,27,B,0,20,38,1,8009936,13.02
Shruti Gupta,39,Rural,Govt,35583,27794,10448,0.294,700,15532782,2011786,13520996,0.87,20,A,0,10,27,1,9428720,13.64
Vivek Kapoor,35,Rural,Salaried,64177,17618,2800,0.044,671,16446729,4902619,11544110,0.702,12,C,0,10,2,0,0,
Mohit Patel,43,Metro,Self-Employed,20807,25179,6706,0.322,703,14644338,4822553,9821785,0.671,26,C,0,15,9,0,0,
Kabir Reddy,44,Metro,Salaried,33436,36194,10180,0.304,738,19154950,3438580,15716370,0.82,35,A,0,30,28,0,0,
Vivek Yadav,54,Rural,Self-Employed,63937,21544,11611,0.182,830,1346419,143102,1203317,0.894,6,B,0,20,11,1,926057,12.99
Kunal Khan,40,Urban,Salaried,74769,17667,15473,0.207,714,4719782,588328,4131454,0.875,21,B,0,15,2,1,2928717,13.54
Rohan Reddy,38,Rural,Govt,63427,33655,8858,0.14,751,1143695,446451,697244,0.61,9,A,0,20,89,1,557690,11.83
Anjali Yadav,37,Metro,Govt,57687,33674,1106,0.019,739,13302020,2509206,10792814,0.811,38,C,0,20,191,1,8668178,12.4
Neha Singh,34,Urban,Salaried,53978,22396,6333,0.117,799,18062580,5974504,12088076,0.669,14,A,0,25,76,1,9487331,12.16
Vivek Reddy,38,Urban,Salaried,30430,22934,8551,0.281,866,5626164,1616954,4009210,0.713,14,A,0,15,92,0,0,
Kabir Jain,34,Urban,Govt,45603,33481,74,0.002,713,18613656,3994154,14619502,0.785,3,B,0,30,13,1,11419683,12.54
Amit Singh,37,Metro,Salaried,50787,8279,5928,0.117,716,2145080,346873,1798207,0.838,31,B,0,20,155,0,0,
Rahul Kapoor,45,Metro,Govt,81142,8888,11308,0.139,792,18754285,2558383,16195902,0.864,22,B,0,15,11,1,12081560,13.13
Mohit Kapoor,29,Urban,Salaried,66872,19223,12578,0.188,774,7680831,2185226,5495605,0.715,5,B,1,30,145,0,0,
Shruti Sharma,44,Metro,Salaried,24739,26798,7965,0.322,832,2926996,972905,1954091,0.668,23,B,0,10,253,0,0,
Vivek Yadav,45,Metro,Salaried,66482,34664,8059,0.121,769,10231563,2999600,7231963,0.707,19,B,0,30,60,1,5575967,12.41
Kunal Jain,35,Rural,Salaried,52298,52130,6351,0.121,722,5878755,1523130,4355625,0.741,36,A,0,30,191,1,3495477,12.2
Anjali Sharma,21,Metro,Self-Employed,46462,42865,11993,0.258,770,6412585,721963,5690622,0.887,19,A,0,25,40,1,4544363,12.68
Amit Reddy,32,Urban,Salaried,72234,27601,11433,0.158,795,6838509,2670757,4167752,0.609,11,A,0,25,14,1,3153496,12.26
Aaditya Gupta,45,Metro,Salaried,80620,29715,6338,0.079,781,16257492,5521276,10736216,0.66,32,A,0,20,28,0,0,
Priya Singh,36,Urban,Salaried,78626,14962,12451,0.158,765,11244064,2112159,9131905,0.812,27,B,0,30,43,1,7082466,12.68
Sana Sharma,29,Rural,Salaried,43216,29722,2131,0.049,793,6914846,2724388,4190458,0.606,7,A,0,20,4,1,3212875,12.15
Meera Jain,32,Metro,Govt,53816,25670,3322,0.062,798,12596342,3534086,9062256,0.719,0,A,0,25,47,1,7136663,12.28
Yash Gupta,42,Metro,Govt,66625,34841,11621,0.174,809,14606863,4012897,10593966,0.725,36,A,0,30,191,1,8569701,12.09
Sarthak Jain,40,Metro,Salaried,79511,17592,11658,0.147,772,6179856,2004881,4174975,0.676,21,C,0,30,10,0,0,
Rohan Kapoor,34,Metro,Self-Employed,50417,37790,16143,0.32,732,8857433,3042802,5814631,0.656,5,C,0,25,76,0,0,
Ravi Jain,33,Urban,Self-Employed,56287,52991,7139,0.127,747,3315836,984616,2331220,0.703,20,B,0,20,114,1,1918285,11.88
Shruti Patel,33,Rural,Salaried,37873,28369,7696,0.203,800,4441838,614878,3826960,0.862,31,C,0,30,138,0,0,
Mohit Gupta,30,Metro,Govt,36076,36026,7983,0.221,699,13941239,2808884,11132355,0.799,34,B,0,25,155,1,8512076,12.75
Vivek Khan,47,Metro,Salaried,76251,40352,349,0.005,758,4447329,1682981,2764348,0.622,14,B,0,30,35,0,0,
Ravi Verma,34,Metro,Salaried,87125,23982,20234,0.232,720,10978104,1837566,9140538,0.833,4,A,0,25,182,1,7197987,12.62
Kunal Gupta,45,Urban,Govt,58560,33361,3649,0.062,741,14471879,3062975,11408904,0.788,5,B,0,20,68,1,8509193,12.91
Priya Khan,47,Metro,Salaried,80071,30189,26934,0.336,804,3030662,695910,2334752,0.77,24,B,0,20,8,1,1758136,12.78
Aaditya Khan,43,Urban,Self-Employed,67233,31465,3498,0.052,750,11778932,2730610,9048322,0.768,39,B,0,20,31,1,7226653,12.32
Suresh Patel,33,Urban,Govt,47098,18405,6835,0.145,742,5874693,1667719,4206974,0.716,28,B,0,25,61,0,0,
Kiran Gupta,39,Urban,Salaried,67228,30368,2008,0.03,672,19295611,7388728,11906883,0.617,6,B,0,20,14,1,9521122,11.85
Ritika Kapoor,36,Metro,Govt,90761,37470,31667,0.349,777,10187367,1754344,8433023,0.828,39,B,0,20,49,1,6847143,12.36
Kiran Gupta,30,Urban,Salaried,59283,51767,10420,0.176,772,16313858,2226033,14087825,0.864,12,C,0,20,53,1,10988813,12.79
Mohit Kapoor,38,Metro,Salaried,91293,44389,19024,0.208,848,11454304,1823997,9630307,0.841,37,A,0,25,9,1,7870435,12.35
Ritika Khan,28,Metro,Self-Employed,10000,62298,235,0.024,725,1824838,668032,1156806,0.634,17,B,0,20,40,0,0,
Meera Khan,44,Rural,Govt,76438,18490,20064,0.262,751,13029876,3827438,9202438,0.706,1,A,0,10,71,1,7188664,12.31
Sarthak Gupta,33,Urban,Salaried,61741,43085,4536,0.073,752,19076664,3543911,15532753,0.814,7,B,0,15,33,1,12262270,12.55
Kabir Yadav,37,Metro,Salaried,54020,32750,16980,0.314,819,12430625,4285882,8144743,0.655,10,B,0,10,1,0,0,
Kiran Yadav,38,Metro,Self-Employed,61835,62847,4440,0.072,735,16564588,5936931,10627657,0.642,32,A,0,20,1,1,8387151,12.03
Rohan Jain,34,Metro,Self-Employed,20249,17876,1351,0.067,754,17799923,6300359,11499564,0.646,37,B,0,15,21,0,0,
Rahul Jain,40,Metro,Self-Employed,55607,17404,711,0.013,770,5333516,2003684,3329832,0.624,26,A,0,15,125,0,0,
Amit Kapoor,33,Metro,Salaried,67142,21009,11093,0.165,749,5028852,883430,4145422,0.824,19,B,0,30,12,1,3012867,13.2
Neha Yadav,42,Metro,Salaried,89558,0,17705,0.198,718,12608639,4116879,8491760,0.673,11,A,0,30,48,0,0,
Ritika Sharma,27,Metro,Salaried,49635,22114,1142,0.023,750,8809541,2098097,6711444,0.762,30,B,0,20,12,1,5080867,12.72
Anjali Patel,37,Urban,Self-Employed,43830,18613,11897,0.271,794,16957365,5979160,10978205,0.647,26,A,0,30,19,1,8190198,12.48
Meera Singh,50,Urban,Salaried,49965,32256,7927,0.159,689,18100439,5765844,12334595,0.681,31,B,0,10,90,1,9045887,12.71
Yash Kapoor,29,Urban,Salaried,78308,35126,14372,0.184,747,7715006,2568590,5146416,0.667,9,A,0,25,63,1,4105454,12.02
Meera Yadav,31,Metro,Govt,66575,58143,10270,0.154,705,5500541,1632828,3867713,0.703,2,C,0,25,5,0,0,
Meera Singh,40,Rural,Salaried,49405,44256,6930,0.14,800,15829985,2425607,13404378,0.847,26,C,0,20,27,0,0,
Ritika Khan,37,Urban,Govt,70265,21346,13763,0.196,664,6221315,1639367,4581948,0.736,34,C,0,20,1,0,0,
Amit Kapoor,38,Urban,Self-Employed,61942,16524,3366,0.054,712,16629672,6575388,10054284,0.605,30,B,0,20,31,0,0,
Aaditya Kapoor,39,Urban,Self-Employed,79373,37379,5054,0.064,759,9051027,3450400,5600627,0.619,14,B,0,20,52,0,0,
Kunal Sharma,40,Rural,Salaried,45959,10197,13862,0.302,818,13683448,1545574,12137874,0.887,15,A,0,25,6,0,0,
Yash Kapoor,44,Urban,Salaried,53447,57472,17698,0.331,737,2815171,420712,2394459,0.851,12,A,0,15,16,1,1783376,13.11
Yash Kapoor,39,Metro,Self-Employed,52158,47692,6815,0.131,712,12853327,1793279,11060048,0.86,34,A,0,15,24,1,8342723,13.04
Mohit Khan,34,Urban,Self-Employed,30730,22962,2912,0.095,834,9583586,3045606,6537980,0.682,10,B,0,15,121,1,4945642,12.48
Ravi Sharma,41,Urban,Self-Employed,65922,4303,14859,0.225,668,12145561,4194295,7951266,0.655,20,C,0,15,240,0,0,
Vivek Singh,49,Urban,Salaried,65221,50308,9330,0.143,630,4192270,687756,3504514,0.836,10,A,0,20,2,1,2632902,13
Amit Jain,35,Urban,Self-Employed,60102,28282,534,0.009,762,15000601,3776488,11224113,0.748,29,C,0,15,69,1,9310207,11.95
Aaditya Sharma,29,Metro,Self-Employed,55308,48567,3023,0.055,715,17393144,6126055,11267089,0.648,34,B,0,30,22,1,8503061,12.4
Sarthak Yadav,44,Metro,Self-Employed,31693,6084,7942,0.251,689,5118056,1636961,3481095,0.68,21,B,0,15,24,0,0,
Sarthak Gupta,35,Rural,Self-Employed,51587,21009,11897,0.231,775,2818577,740359,2078218,0.737,37,A,0,15,67,1,1630267,12.37
Amit Gupta,21,Urban,Self-Employed,53146,30079,504,0.009,752,1449133,401561,1047572,0.723,30,A,0,25,120,1,802397,12.51
Ravi Reddy,42,Urban,Self-Employed,43954,30705,3415,0.078,712,13197459,3332466,9864993,0.747,13,B,0,10,145,0,0,
Priya Reddy,32,Metro,Salaried,56774,23249,4592,0.081,676,12534787,2372391,10162396,0.811,23,B,0,25,41,1,7851405,12.71
Suresh Yadav,35,Metro,Salaried,68081,39343,16010,0.235,784,11387251,3068939,8318312,0.73,31,A,0,25,21,0,0,
Rohan Patel,38,Rural,Salaried,97724,13986,674,0.007,773,5406995,1658139,3748856,0.693,35,B,0,15,74,1,3119182,11.76
Mohit Sharma,37,Urban,Salaried,63492,27864,2314,0.036,735,8427214,3050625,5376589,0.638,31,C,0,10,14,1,4206968,12.09
Neha Gupta,41,Urban,Salaried,65151,31804,18240,0.28,832,12295050,3576475,8718575,0.709,14,B,0,20,40,1,6881548,12.23
Neha Kapoor,33,Metro,Salaried,58511,37717,3656,0.062,686,10438570,3427363,7011207,0.672,34,C,0,10,21,1,5467943,12.22
Ravi Kapoor,40,Urban,Salaried,21625,40674,4940,0.228,664,19767925,2926078,16841847,0.852,2,A,0,15,51,1,11640270,13.64
Yash Gupta,34,Metro,Salaried,59470,13130,4958,0.083,705,3592355,856659,2735696,0.762,15,A,0,15,13,1,2125940,12.51
Aaditya Verma,41,Urban,Self-Employed,61205,6988,2130,0.035,738,14207747,1460549,12747198,0.897,4,B,0,15,10,1,9427247,13.3
Rohan Yadav,40,Metro,Govt,109265,49165,9300,0.085,752,8682057,1510710,7171347,0.826,20,A,0,20,120,1,5998903,12.11
Rahul Patel,29,Metro,Salaried,56153,34985,14195,0.253,728,9135793,2904620,6231173,0.682,9,A,0,25,5,1,4890753,12.2
Rahul Yadav,44,Urban,Govt,66031,18773,19776,0.299,758,14634358,5817786,8816572,0.602,18,A,0,20,34,1,6986545,11.88
Anjali Gupta,32,Rural,Salaried,59306,53267,17233,0.291,677,14156287,1836827,12319460,0.87,24,A,0,15,12,0,0,
Shruti Sharma,42,Metro,Salaried,36626,31735,5092,0.139,812,19833864,4372341,15461523,0.78,3,A,0,15,2,1,11898843,12.64
Ravi Patel,39,Urban,Salaried,82856,47689,19374,0.234,736,3439491,1169500,2269991,0.66,28,A,0,30,2,0,0,
Shruti Gupta,49,Metro,Salaried,75039,31013,5384,0.072,796,2978083,480099,2497984,0.839,18,A,0,20,9,1,2137203,11.96
Vivek Jain,34,Metro,Self-Employed,75821,60911,7779,0.103,757,14762438,3934566,10827872,0.733,1,A,0,30,97,1,8953462,11.93
Sana Jain,34,Metro,Self-Employed,41812,56330,13117,0.314,763,11989351,3835650,8153701,0.68,9,B,0,20,16,0,0,
Kiran Gupta,36,Metro,Salaried,88056,26266,401,0.005,768,6209053,1768311,4440742,0.715,24,B,0,25,144,1,3626370,11.98
Sarthak Verma,34,Urban,Salaried,31963,44574,957,0.03,762,2508968,392421,2116547,0.844,19,B,0,20,42,1,1628966,12.84
Aaditya Singh,42,Metro,Salaried,71737,39681,5220,0.073,772,2627507,542883,2084624,0.793,18,A,0,20,28,1,1675563,12.34
Yash Yadav,25,Metro,Salaried,103809,50529,964,0.009,806,17989627,6028999,11960628,0.665,22,A,0,20,42,1,10084099,11.56
Ritika Verma,29,Rural,Salaried,40189,15526,2552,0.063,750,4645479,1236942,3408537,0.734,23,B,0,20,35,1,2514600,12.82
Sarthak Khan,29,Metro,Salaried,48674,40291,9933,0.204,775,7144060,725614,6418446,0.898,10,B,0,15,68,1,4818317,13.19
Rahul Yadav,43,Urban,Self-Employed,61993,45876,9144,0.148,736,5306472,1742100,3564372,0.672,33,B,0,20,16,1,2675383,12.51
Suresh Kapoor,48,Metro,Govt,49930,3619,15600,0.312,812,7744930,856538,6888392,0.889,27,A,0,25,21,1,5144851,13.2
Shruti Singh,35,Urban,Salaried,28987,12251,8293,0.286,706,2319053,750724,1568329,0.676,4,C,0,30,108,1,1076844,13.16
Sarthak Reddy,35,Metro,Govt,61371,0,7342,0.12,830,10862136,1746025,9116111,0.839,4,A,0,20,141,0,0,
Kabir Kapoor,36,Metro,Salaried,38754,25959,3519,0.091,738,2284639,885120,1399519,0.613,20,A,0,20,107,0,0,
Aaditya Gupta,44,Metro,Salaried,69472,40763,9232,0.133,668,16206774,3409617,12797157,0.79,11,B,0,15,26,0,0,
Ritika Reddy,30,Metro,Salaried,41612,52535,8597,0.207,746,5440530,1077657,4362873,0.802,3,B,0,25,73,1,3319225,12.8
Amit Sharma,38,Metro,Self-Employed,90999,31111,8538,0.094,706,11260226,1628977,9631249,0.855,19,A,0,20,31,0,0,
Suresh Verma,43,Urban,Govt,44335,54429,9685,0.218,782,17721503,3396880,14324623,0.808,37,A,0,30,33,0,0,
Rahul Verma,40,Rural,Self-Employed,53559,9298,7675,0.143,707,13366670,4852037,8514633,0.637,24,B,1,20,11,0,0,
Meera Khan,37,Urban,Salaried,76270,4449,14737,0.193,718,11126198,4438244,6687954,0.601,13,A,0,20,43,1,5189820,12.04
Kunal Singh,43,Urban,Self-Employed,35383,29167,5401,0.153,646,7162341,1507622,5654719,0.79,10,A,0,25,10,0,0,
Rahul Kapoor,21,Metro,Salaried,64549,35761,6653,0.103,717,7327036,1718799,5608237,0.765,31,A,0,25,19,1,4326845,12.58
Shruti Jain,41,Metro,Govt,86143,29510,28596,0.332,619,13720252,4344124,9376128,0.683,10,B,0,20,93,1,7043960,12.54
Suresh Yadav,31,Metro,Salaried,27850,0,7443,0.267,661,19888648,7276436,12612212,0.634,17,A,0,20,11,1,8802942,12.92
Rohan Verma,23,Metro,Salaried,63693,28663,3123,0.049,778,13574945,3772658,9802287,0.722,26,C,0,30,4,1,7538792,12.48
Ravi Patel,40,Urban,Salaried,65198,10433,19818,0.304,779,11597885,2522050,9075835,0.783,17,B,0,10,3,0,0,
Kunal Khan,46,Urban,Self-Employed,75636,40045,12904,0.171,761,14882360,3330472,11551888,0.776,22,C,0,30,136,1,9457493,12.14
Ravi Sharma,35,Metro,Salaried,35261,35499,11040,0.313,692,9838907,3037127,6801780,0.691,10,C,0,15,34,1,5041009,12.66
Amit Sharma,43,Metro,Self-Employed,33591,15902,9404,0.28,738,2142705,216339,1926366,0.899,20,A,0,25,25,1,1346003,13.71
Aaditya Kapoor,47,Urban,Salaried,70439,22292,10483,0.149,740,11683640,3340082,8343558,0.714,4,A,0,25,80,1,6536504,12.31
Vivek Singh,45,Urban,Self-Employed,65940,14112,519,0.008,682,19194880,3966582,15228298,0.793,22,A,0,20,87,1,11923675,12.55
Yash Yadav,47,Metro,Self-Employed,65010,29060,6113,0.094,815,4330756,1464918,2865838,0.662,24,A,0,30,19,1,2185420,12.36
Suresh Verma,41,Rural,Self-Employed,66929,44327,12688,0.19,784,14110093,1804641,12305452,0.872,9,B,0,10,57,0,0,
Anjali Verma,37,Rural,Salaried,46400,15214,10288,0.222,729,4817740,1331916,3485824,0.724,21,A,0,15,71,1,2404501,13.27
Rahul Yadav,25,Metro,Salaried,64645,37561,5835,0.09,741,11180726,2731360,8449366,0.756,18,A,0,20,51,1,6728238,12.3
Anjali Yadav,34,Metro,Salaried,65861,22046,3212,0.049,750,2836853,830340,2006513,0.707,0,A,1,20,8,0,0,
Kiran Verma,30,Urban,Self-Employed,45713,18107,13359,0.292,638,9557048,1141647,8415401,0.881,6,C,0,25,100,1,5873244,13.66
Yash Jain,51,Rural,Salaried,97315,28395,33529,0.345,728,15367103,4210511,11156592,0.726,3,A,0,10,37,0,0,
Ritika Kapoor,35,Rural,Salaried,69477,14471,12783,0.184,706,7603859,2041221,5562638,0.732,0,A,0,15,16,0,0,
Vivek Khan,37,Metro,Salaried,36174,21695,2174,0.06,690,13633323,3656430,9976893,0.732,14,A,0,15,27,0,0,
Yash Yadav,40,Metro,Salaried,73131,12032,6970,0.095,726,16113549,4528653,11584896,0.719,39,C,0,15,2,1,8814584,12.55
Aaditya Sharma,36,Urban,Self-Employed,40506,59471,261,0.006,830,18616379,5639653,12976726,0.697,11,B,0,20,7,1,10140243,12.28
Amit Patel,48,Urban,Salaried,75742,30529,24238,0.32,772,5458200,1863957,3594243,0.659,21,A,0,25,70,1,2738474,12.36
Anjali Reddy,32,Metro,Self-Employed,83172,19504,3428,0.041,711,8587002,1553786,7033216,0.819,21,A,0,30,1,0,0,
Aaditya Yadav,37,Rural,Salaried,43586,33210,8795,0.202,769,3895904,1353884,2542020,0.652,16,A,0,25,26,0,0,
Ritika Kapoor,31,Urban,Salaried,79268,28315,7603,0.096,810,19857187,4953906,14903281,0.751,28,A,1,15,35,0,0,
Kunal Patel,27,Urban,Salaried,68256,26685,13239,0.194,786,18613018,2291588,16321430,0.877,13,C,0,20,3,0,0,
Amit Yadav,32,Rural,Salaried,76441,39213,17428,0.228,743,11259185,1323689,9935496,0.882,19,B,0,15,174,0,0,
Shruti Singh,36,Urban,Salaried,97936,41363,28442,0.29,708,16998633,3404342,13594291,0.8,32,A,0,15,12,0,0,
Anjali Khan,33,Metro,Self-Employed,55092,22042,3980,0.072,775,10898202,3656010,7242192,0.665,14,C,0,20,17,1,5737252,12.07
Ritika Jain,31,Urban,Salaried,44925,21363,173,0.004,760,12848128,4012525,8835603,0.688,11,A,0,10,17,1,6539013,12.66
Yash Jain,26,Metro,Self-Employed,42210,25874,2022,0.048,785,2693364,906545,1786819,0.663,39,B,0,15,13,1,1416123,12.06
Shruti Verma,35,Urban,Salaried,43684,0,13761,0.315,772,15350138,3917059,11433079,0.745,19,C,0,30,1,1,8322969,12.96
Kiran Kapoor,25,Metro,Salaried,58458,7272,17880,0.306,792,3426556,795166,2631390,0.768,29,A,0,20,63,1,1945582,12.91
Neha Jain,41,Urban,Self-Employed,66823,50503,13972,0.209,713,16695285,2408057,14287228,0.856,37,B,0,20,164,1,10996955,12.87
Anjali Patel,37,Metro,Salaried,65534,54675,13774,0.21,806,15858534,3147250,12711284,0.802,2,A,0,10,12,0,0,
Ritika Jain,26,Metro,Salaried,76544,26264,17817,0.233,750,14466149,3330192,11135957,0.77,27,A,0,15,52,1,8593605,12.59
Ritika Sharma,34,Metro,Salaried,60260,38648,3699,0.061,844,1687047,213547,1473500,0.873,25,A,0,30,65,0,0,
Rahul Sharma,31,Metro,Salaried,89071,34669,28507,0.32,706,6759439,1123308,5636131,0.834,29,A,0,15,91,0,0,
Ritika Jain,38,Urban,Self-Employed,54707,76183,8018,0.147,827,5999139,1676565,4322574,0.721,12,B,0,20,26,1,3424170,12.24
Rohan Gupta,45,Urban,Salaried,114403,46794,15341,0.134,750,7842592,2515111,5327481,0.679,12,C,0,10,17,1,4412331,11.75
Yash Yadav,23,Urban,Self-Employed,72513,28081,13170,0.182,707,2665212,1064764,1600448,0.6,1,B,0,20,19,1,1209898,12.24
Mohit Kapoor,37,Metro,Govt,42857,15667,704,0.016,716,18802199,7143595,11658604,0.62,36,C,0,10,60,0,0,
Vivek Sharma,35,Metro,Salaried,38582,5903,2245,0.058,724,11522243,3373362,8148881,0.707,37,B,0,25,81,0,0,
Sana Kapoor,41,Metro,Govt,69649,33052,17991,0.258,761,6804962,1540469,5264493,0.774,1,A,0,25,10,0,0,
Kunal Kapoor,37,Metro,Salaried,55531,18655,1609,0.029,766,8542649,2484657,6057992,0.709,35,A,0,25,22,0,0,
Rahul Gupta,31,Rural,Govt,74280,8666,15681,0.211,711,9496848,3188049,6308799,0.664,25,A,0,15,111,1,5098350,11.91
Vivek Yadav,34,Metro,Salaried,69465,20301,5965,0.086,739,12411292,1681741,10729551,0.864,10,B,0,25,79,1,8555444,12.62
Suresh Khan,30,Metro,Self-Employed,58543,13777,7977,0.136,847,10797909,2407626,8390283,0.777,7,C,0,20,201,0,0,
Ritika Sharma,44,Metro,Salaried,43064,55307,4351,0.101,826,18468447,6499798,11968649,0.648,39,A,0,20,67,1,9234960,12.23
Suresh Singh,36,Metro,Salaried,29703,43225,3698,0.124,762,10442306,2246661,8195645,0.785,21,B,0,25,24,1,6229832,12.75
Kiran Kapoor,49,Urban,Self-Employed,51070,29880,12853,0.252,742,19851002,5390771,14460231,0.728,19,B,0,10,43,1,10870192,12.67
Yash Reddy,36,Urban,Self-Employed,77128,52199,8021,0.104,746,17177074,4746555,12430519,0.724,7,B,1,15,52,1,8259730,13.53
Neha Jain,31,Metro,Salaried,64282,31161,12743,0.198,771,4961700,770765,4190935,0.845,28,A,0,25,4,1,3118742,13.09
Priya Khan,25,Metro,Salaried,35085,17081,5846,0.167,689,18681309,3898241,14783068,0.791,39,A,0,15,38,1,11019971,12.92
Sarthak Patel,23,Metro,Self-Employed,63464,52847,14742,0.232,727,3210962,643327,2567635,0.8,25,A,0,20,59,1,1942385,12.84
Vivek Kapoor,25,Metro,Self-Employed,67706,38084,22200,0.328,657,16531544,1783076,14748468,0.892,29,A,0,20,9,1,11072265,13.17
Amit Sharma,38,Metro,Govt,42323,14441,10852,0.256,760,8231843,882927,7348916,0.893,16,A,0,30,73,0,0,
Amit Jain,40,Rural,Self-Employed,63075,27145,4745,0.075,772,17681512,6179850,11501662,0.65,19,B,0,30,42,1,9775029,11.45
Rohan Gupta,25,Urban,Govt,61164,16866,668,0.011,716,17493077,3182362,14310715,0.818,15,A,0,30,146,1,11146735,12.66
Vivek Khan,42,Urban,Self-Employed,37141,9258,3409,0.092,819,16312583,4166619,12145964,0.745,6,C,0,15,2,1,10005009,12
Kunal Kapoor,33,Metro,Salaried,67156,43893,13987,0.208,679,16010578,3035889,12974689,0.81,15,B,0,15,15,1,10099564,12.65
Yash Sharma,37,Metro,Salaried,71216,58641,1282,0.018,667,6788904,2594745,4194159,0.618,26,B,0,20,44,1,3284700,12.02
Ritika Singh,47,Urban,Self-Employed,81661,9021,14187,0.174,751,2537466,451134,2086332,0.822,22,A,0,10,17,0,0,
Aaditya Yadav,42,Urban,Self-Employed,81076,38445,16936,0.209,792,8656623,1981475,6675148,0.771,23,B,0,10,60,1,5438518,12.17
Meera Patel,34,Urban,Salaried,32447,20240,3796,0.117,824,4296966,1554724,2742242,0.638,8,C,0,20,68,0,0,
Yash Reddy,30,Metro,Salaried,41243,22693,11128,0.27,717,14204071,5008072,9195999,0.647,34,A,0,20,5,1,6858320,12.48
Kabir Singh,21,Urban,Govt,70301,21114,2623,0.037,794,7575895,1180555,6395340,0.844,19,A,0,30,35,1,5142076,12.49
Amit Singh,31,Metro,Salaried,70276,17040,1848,0.026,738,19536594,6657934,12878660,0.659,36,B,0,15,34,0,0,
Priya Reddy,35,Rural,Salaried,70301,30728,17917,0.255,731,13178469,3129307,10049162,0.763,16,A,0,15,22,1,7374125,12.95
Sarthak Khan,29,Urban,Salaried,137055,17536,23768,0.173,784,16627131,4071829,12555302,0.755,30,A,0,15,130,1,10200392,12.14
Ritika Kapoor,35,Urban,Salaried,71418,34057,17208,0.241,773,3517969,492670,3025299,0.86,7,A,0,30,84,0,0,
Mohit Singh,37,Metro,Salaried,82711,29246,12588,0.152,661,17378275,2158042,15220233,0.876,14,A,0,25,57,0,0,
Ravi Verma,34,Urban,Salaried,79080,26416,6820,0.086,814,18532387,5900375,12632012,0.682,30,B,0,25,60,0,0,
Sana Gupta,31,Metro,Salaried,73028,16387,20936,0.287,809,10254176,2552658,7701518,0.751,29,A,1,30,30,0,0,
Rahul Jain,37,Metro,Self-Employed,53695,21348,15024,0.28,709,12518806,2892535,9626271,0.769,19,C,0,20,122,0,0,
Priya Khan,39,Metro,Salaried,75179,41331,18279,0.243,760,15531386,4952221,10579165,0.681,38,B,0,20,57,1,8330025,12.17
Meera Khan,28,Urban,Self-Employed,44543,37514,4243,0.095,765,4321934,1424742,2897192,0.67,11,B,0,20,63,1,2209605,12.38
Aaditya Yadav,46,Metro,Govt,55264,15337,11416,0.207,753,10548755,1557760,8990995,0.852,16,B,0,20,95,0,0,
Suresh Gupta,35,Metro,Salaried,50293,31490,6354,0.126,712,8574598,2427190,6147408,0.717,29,C,0,20,15,1,4505354,12.82
Rohan Verma,36,Rural,Self-Employed,61637,41271,1976,0.032,706,3781106,531647,3249459,0.859,28,A,0,20,79,1,2583577,12.63
Rahul Kapoor,41,Metro,Salaried,106293,4959,34126,0.321,739,7983154,2597818,5385336,0.675,18,C,0,30,10,0,0,
Priya Verma,38,Urban,Govt,22655,38150,1085,0.048,799,2295274,681895,1613379,0.703,10,B,0,30,20,1,1234144,12.46
Kabir Khan,43,Metro,Salaried,73725,20061,24520,0.333,767,1490426,576772,913654,0.613,33,B,0,25,20,1,735764,11.79
Priya Khan,38,Metro,Self-Employed,27746,38559,4331,0.156,721,3568159,430632,3137527,0.879,6,B,0,25,184,1,2260476,13.43
Kiran Singh,32,Urban,Self-Employed,50561,18551,3276,0.065,779,19299187,2260252,17038935,0.883,33,A,0,25,93,1,13315047,12.83
Kiran Kapoor,39,Metro,Salaried,81779,2927,15511,0.19,598,11441061,2112662,9328399,0.815,19,A,0,15,58,1,6931542,13.01
Mohit Patel,28,Metro,Salaried,61286,5587,18725,0.306,797,19350621,3454312,15896309,0.821,37,B,0,10,62,0,0,
Priya Jain,37,Urban,Self-Employed,38445,30721,9853,0.256,653,9217460,1604701,7612759,0.826,23,A,0,25,40,0,0,
Ritika Kapoor,36,Urban,Self-Employed,45694,33896,12899,0.282,722,6924507,2575061,4349446,0.628,9,B,0,25,141,1,3218004,12.49
Rohan Reddy,35,Urban,Salaried,73592,16435,16968,0.231,684,10616695,1856476,8760219,0.825,31,A,0,10,33,0,0,
Amit Gupta,35,Metro,Self-Employed,45393,39579,10999,0.242,675,9350722,1697950,7652772,0.818,14,A,0,30,23,1,5484732,13.29
Neha Reddy,23,Metro,Salaried,64329,5077,19120,0.297,798,3007629,985959,2021670,0.672,36,A,0,10,9,1,1523307,12.48
Rahul Khan,32,Urban,Self-Employed,60911,29009,5323,0.087,717,13175700,3095261,10080439,0.765,19,A,0,15,74,0,0,
Amit Singh,37,Urban,Salaried,46968,11835,8046,0.171,757,5104725,1699941,3404784,0.667,2,B,0,25,64,1,2623400,12.3
Rahul Verma,37,Urban,Govt,102879,20222,7965,0.077,738,12772171,1527677,11244494,0.88,36,A,0,15,23,0,0,
Sarthak Yadav,29,Urban,Salaried,72678,30711,25124,0.346,764,13353821,3288664,10065157,0.754,39,C,0,10,1,1,7778701,12.53
Priya Patel,45,Urban,Salaried,19497,17094,6442,0.33,744,3888472,428059,3460413,0.89,7,B,0,20,88,0,0,
Yash Verma,30,Metro,Salaried,63729,24232,879,0.014,676,2165643,257270,1908373,0.881,39,A,0,25,1,1,1456205,13.01
Neha Patel,43,Metro,Salaried,46764,45094,11548,0.247,790,15834470,5889334,9945136,0.628,22,B,0,20,58,1,7894871,11.95
Priya Verma,39,Urban,Salaried,77049,21347,24951,0.324,715,9736208,1380337,8355871,0.858,39,C,0,25,169,1,6169036,13.19
Vivek Khan,31,Metro,Salaried,44150,42535,2790,0.063,662,2105112,546753,1558359,0.74,10,B,0,20,28,0,0,
Neha Khan,48,Metro,Self-Employed,57705,13054,11471,0.199,719,19902460,4444790,15457670,0.777,7,A,0,10,13,0,0,
Aaditya Sharma,28,Rural,Salaried,70100,37947,22462,0.32,815,2097831,428383,1669448,0.796,28,C,1,30,59,0,0,
Yash Yadav,42,Rural,Salaried,77315,51624,919,0.012,783,14205669,5255387,8950282,0.63,29,B,0,10,82,1,7551483,11.45
Amit Jain,43,Metro,Salaried,35994,0,8786,0.244,723,19689900,2097900,17592000,0.893,9,A,0,30,38,1,11758915,13.99
Ritika Gupta,31,Metro,Salaried,53310,18047,5548,0.104,723,5544422,1658541,3885881,0.701,38,A,1,20,164,0,0,
Amit Verma,46,Metro,Salaried,50501,38656,16339,0.324,724,3702738,1440433,2262305,0.611,27,B,0,30,3,0,0,
Mohit Kapoor,34,Urban,Salaried,46933,26954,15951,0.34,844,3306314,886259,2420055,0.732,35,A,0,15,34,0,0,
Vivek Singh,38,Rural,Salaried,95309,35567,31499,0.33,759,6762228,2576725,4185503,0.619,12,B,0,20,61,1,3250052,12.09
Sarthak Verma,38,Metro,Salaried,68100,20940,11303,0.166,762,2919870,337763,2582107,0.884,31,A,0,15,95,0,0,
Sana Singh,35,Metro,Salaried,34782,31299,10494,0.302,792,14151065,3193018,10958047,0.774,35,C,0,10,9,1,8169385,12.87
Ritika Jain,42,Rural,Salaried,78357,27665,23162,0.296,752,2183544,388774,1794770,0.822,36,B,0,25,77,0,0,
Kunal Reddy,42,Metro,Salaried,102443,47517,11441,0.112,727,10679020,3409238,7269782,0.681,25,A,0,15,39,0,0,
Meera Singh,24,Urban,Salaried,80649,33816,23398,0.29,730,19937240,7863031,12074209,0.606,21,A,0,20,24,1,9609785,11.86
Ritika Reddy,45,Rural,Govt,29613,35064,384,0.013,736,16465435,2913707,13551728,0.823,3,B,0,15,7,1,10557286,12.68
Anjali Patel,24,Metro,Salaried,50315,23822,10500,0.209,738,12689169,3759197,8929972,0.704,30,B,0,20,96,0,0,
Rahul Jain,43,Urban,Self-Employed,85338,22686,6870,0.081,776,6818819,1087119,5731700,0.841,17,B,0,25,8,0,0,
Mohit Verma,44,Metro,Salaried,45847,23512,1935,0.042,743,12854021,3465432,9388589,0.73,37,A,0,20,18,0,0,
Sarthak Reddy,28,Metro,Self-Employed,68876,35917,1855,0.027,777,11013788,2634275,8379513,0.761,23,A,0,25,16,1,6852260,12.11
Kiran Yadav,33,Urban,Self-Employed,75493,23685,18398,0.244,736,9095584,3561845,5533739,0.608,22,A,0,25,98,1,4326918,12
Neha Yadav,28,Metro,Salaried,41461,34347,4932,0.119,744,3483497,984291,2499206,0.717,21,B,0,25,54,1,1901731,12.54
Neha Khan,34,Rural,Govt,58809,61131,14918,0.254,640,17845480,3655681,14189799,0.795,1,A,0,20,76,0,0,
Kabir Patel,34,Urban,Salaried,10000,43067,229,0.023,786,9545908,1281335,8264573,0.866,30,A,0,25,14,0,0,
Kiran Yadav,41,Metro,Salaried,39512,25110,4360,0.11,757,4697828,682942,4014886,0.855,10,B,0,30,47,1,2866855,13.42
Amit Khan,45,Metro,Self-Employed,54949,48018,10376,0.189,790,7987428,1338654,6648774,0.832,27,C,0,25,41,1,5425132,12.34
Aaditya Jain,46,Metro,Self-Employed,35044,23879,9699,0.277,595,8868465,1554553,7313912,0.825,31,A,0,20,86,0,0,
Yash Singh,32,Metro,Salaried,92648,0,10336,0.112,844,16723220,5939834,10783386,0.645,4,A,0,25,114,1,8624632,11.94
Ravi Sharma,35,Metro,Salaried,31397,14879,6878,0.219,733,14938673,4009044,10929629,0.732,37,B,0,25,1,1,7569329,13.27
Kunal Kapoor,24,Metro,Salaried,51199,1938,15876,0.31,795,15616793,4013786,11603007,0.743,9,B,0,25,54,0,0,
Kunal Singh,30,Metro,Salaried,62615,24727,13497,0.216,688,1209594,162607,1046987,0.866,39,A,0,10,3,1,771694,13.23
Kabir Singh,43,Urban,Self-Employed,88825,30276,7242,0.082,771,8906926,3189053,5717873,0.642,23,C,0,15,38,1,4575259,11.92
Kabir Khan,47,Urban,Salaried,31283,55147,267,0.009,687,10145539,3214556,6930983,0.683,34,B,0,25,16,1,5269928,12.45
Shruti Singh,27,Urban,Salaried,83263,34904,25356,0.305,709,1364653,164168,1200485,0.88,22,A,0,15,18,1,914451,13.02
Sana Yadav,32,Metro,Salaried,60205,26713,448,0.007,836,5936451,1854254,4082197,0.688,16,A,0,25,21,1,3515771,11.45
Rohan Kapoor,36,Metro,Salaried,40370,42441,12359,0.306,730,15445507,4063118,11382389,0.737,0,B,0,20,47,1,8290279,12.93
Anjali Jain,38,Urban,Salaried,69242,0,12819,0.185,751,3605084,448896,3156188,0.875,30,B,0,20,20,1,2475583,12.78
Vivek Gupta,30,Metro,Self-Employed,63981,33534,21029,0.329,784,11170892,2652977,8517915,0.763,30,A,0,10,63,1,6824521,12.28
Priya Yadav,39,Metro,Govt,47996,41563,13418,0.28,765,5088836,1248846,3839990,0.755,33,B,0,15,25,1,2960703,12.55
Priya Singh,33,Urban,Self-Employed,61396,7821,21444,0.349,748,1230295,184215,1046080,0.85,8,B,0,30,3,0,0,
Meera Verma,36,Urban,Salaried,52294,47156,6419,0.123,758,5582828,2142184,3440644,0.616,21,A,0,30,74,0,0,
Shruti Verma,40,Urban,Govt,62270,35077,16720,0.269,860,19541601,6937124,12604477,0.645,12,B,0,25,16,1,10074503,11.94
Ritika Gupta,36,Metro,Self-Employed,73243,23771,10304,0.141,737,16229205,4880231,11348974,0.699,24,C,0,20,27,1,9077635,12.1
Priya Khan,33,Urban,Self-Employed,91720,39492,15405,0.168,750,19231956,4590450,14641506,0.761,17,A,0,25,56,1,12330548,11.86
Kunal Patel,35,Urban,Salaried,35244,64060,7741,0.22,793,10269227,2295477,7973750,0.776,11,A,0,25,19,0,0,
Vivek Verma,35,Urban,Salaried,102661,32728,31392,0.306,795,3084988,910972,2174016,0.705,39,A,0,20,3,1,1731164,12.15
Meera Reddy,33,Urban,Salaried,20958,33723,7219,0.344,799,11411230,3008338,8402892,0.736,16,C,0,10,22,0,0,
Shruti Khan,34,Urban,Salaried,56964,23110,15317,0.269,772,9633169,1143283,8489886,0.881,14,C,0,25,139,0,0,
Ritika Sharma,47,Urban,Salaried,71766,17252,10494,0.146,683,17042785,4324620,12718165,0.746,14,A,1,25,49,0,0,
Ravi Reddy,40,Metro,Salaried,65620,42455,9677,0.147,822,2863569,979115,1884454,0.658,14,B,0,30,53,1,1473416,12.16
Ritika Khan,34,Urban,Salaried,47546,17159,12274,0.258,683,10276582,2443483,7833099,0.762,38,B,0,10,48,0,0,
Rahul Patel,41,Urban,Self-Employed,55838,31073,4666,0.084,755,3850925,445117,3405808,0.884,12,B,0,25,11,0,0,
Meera Patel,34,Urban,Salaried,50140,22835,1939,0.039,702,7168843,2407896,4760947,0.664,16,A,0,20,26,1,3659432,12.31
Ravi Patel,44,Metro,Salaried,48213,37185,5984,0.124,737,15009784,2407706,12602078,0.84,31,A,0,20,67,1,9625080,12.88
Suresh Singh,39,Metro,Govt,76992,35005,7740,0.101,756,10044344,1783737,8260607,0.822,8,A,0,15,5,1,6366219,12.76
Yash Jain,35,Rural,Govt,67140,45563,6963,0.104,756,8141877,1216493,6925384,0.851,39,B,1,20,16,0,0,
Rahul Patel,39,Urban,Self-Employed,46142,22350,3773,0.082,761,8495049,1691063,6803986,0.801,19,A,0,20,16,1,5136370,12.85
Anjali Jain,25,Rural,Govt,77992,25952,1149,0.015,821,9729489,3181791,6547698,0.673,25,C,0,20,27,1,5703445,11.31
Shruti Yadav,28,Urban,Salaried,66146,15319,414,0.006,763,15915314,4071388,11843926,0.744,26,A,0,25,189,0,0,
Kabir Gupta,28,Urban,Govt,76257,23336,26362,0.346,728,17949609,2898223,15051386,0.839,20,A,0,25,3,0,0,
Kabir Kapoor,37,Urban,Salaried,72593,35660,10869,0.15,788,19151359,6958628,12192731,0.637,17,B,0,20,35,0,0,
