name,name,name,name,name,name,name,name,name,name,name,name,name,name,name,name,name,name,name,name,name,name
Rahul Reddy,34,Urban,Self-Employed,47451,52550,3346,0.071,679,0,2,43,Two-Wheeler,153260,47287,105973,12,1,1,0,0,
Yash Patel,35,Urban,Salaried,37926,75783,1682,0.044,711,0,0,83,Two-Wheeler,115224,25499,89725,24,1,0,1,69503,11.7
Neha Jain,36,Metro,Salaried,49715,28956,9329,0.188,672,0,1,57,Four-Wheeler,453125,103521,349604,48,1,1,1,257053,12.38
Anjali Kapoor,40,Metro,Salaried,62845,85960,12676,0.202,702,0,2,41,Two-Wheeler,172865,54501,118364,60,1,0,0,0,
Sana Gupta,35,Metro,Salaried,36488,22763,9035,0.248,606,0,0,41,Two-Wheeler,169912,52287,117625,12,0,0,1,78564,12.98
Sana Yadav,30,Metro,Salaried,36488,26701,3764,0.103,733,0,1,105,Two-Wheeler,154204,61277,92927,36,1,0,1,70433,12.1
Priya Patel,37,Metro,Self-Employed,63688,73836,5923,0.093,720,0,0,13,Two-Wheeler,90822,12581,78241,48,1,0,1,62508,11.41
Rahul Singh,45,Urban,Salaried,51512,65198,9999,0.194,671,0,0,1,Two-Wheeler,138535,18180,120355,24,1,0,1,95039,11.52
Neha Jain,31,Urban,Salaried,32958,29273,2808,0.085,760,0,1,11,Two-Wheeler,104146,33046,71100,36,1,0,1,52949,12.26
Vivek Kapoor,25,Urban,Self-Employed,48138,46919,11201,0.233,776,0,1,9,Four-Wheeler,720240,196997,523243,48,1,0,0,0,
Aaditya Yadav,40,Urban,Self-Employed,33049,20836,7092,0.215,624,0,0,39,Two-Wheeler,187597,34189,153408,36,1,0,0,0,
Rohan Gupta,31,Rural,Salaried,33014,31523,3541,0.107,674,0,1,36,Two-Wheeler,70523,8733,61790,24,0,0,1,44403,12.58
Aaditya Khan,18,Metro,Salaried,43629,85069,8190,0.188,674,0,0,32,Two-Wheeler,192536,24201,168335,36,1,0,1,130702,11.68
Rahul Yadav,38,Metro,Salaried,11301,21665,2132,0.189,664,0,1,1,Two-Wheeler,116901,43050,73851,48,1,0,1,52179,12.72
Kabir Reddy,28,Metro,Govt,14126,14159,364,0.026,770,0,1,47,Two-Wheeler,77770,12253,65517,36,1,0,0,0,
Shruti Sharma,31,Urban,Salaried,31566,42812,7122,0.226,708,0,2,14,Two-Wheeler,131285,25865,105420,12,1,1,1,76191,12.73
Meera Reddy,34,Rural,Govt,24808,46252,3134,0.126,704,0,0,39,Two-Wheeler,180942,30398,150544,48,1,0,0,0,
Amit Gupta,33,Metro,Self-Employed,44714,22772,9239,0.207,600,0,2,29,Two-Wheeler,159834,33006,126828,12,1,1,1,97599,12.17
Kiran Sharma,37,Rural,Salaried,26380,45269,2111,0.08,758,0,2,15,Two-Wheeler,170984,20660,150324,48,1,0,1,117278,12.04
Suresh Verma,29,Rural,Salaried,18815,36173,4212,0.224,646,0,0,5,Four-Wheeler,1793551,458643,1334908,24,1,0,1,1054909,11.52
Rohan Khan,36,Metro,Salaried,61985,39484,6031,0.097,724,0,1,4,Two-Wheeler,153841,18505,135336,60,1,0,1,109328,11.51
Suresh Sharma,30,Metro,Salaried,36613,27173,99,0.003,737,1,0,64,Four-Wheeler,1682765,572320,1110445,36,0,0,1,815174,13.69
Meera Jain,37,Metro,Salaried,41013,79611,9283,0.226,802,0,2,90,Two-Wheeler,87450,14876,72574,36,1,0,0,0,
Rahul Reddy,36,Rural,Self-Employed,18629,24335,425,0.023,641,0,0,38,Four-Wheeler,1703720,446381,1257339,24,1,0,1,919941,12.22
Yash Singh,25,Metro,Govt,31834,16595,2541,0.08,539,0,1,4,Four-Wheeler,528184,192272,335912,36,1,0,0,0,
Rohan Sharma,40,Urban,Salaried,41664,36933,9896,0.238,731,0,1,19,Two-Wheeler,198150,58506,139644,48,1,0,0,0,
Vivek Khan,28,Metro,Self-Employed,22735,26712,5403,0.238,828,0,0,47,Two-Wheeler,191609,49797,141812,60,1,0,1,106045,12.03
Vivek Kapoor,38,Urban,Salaried,45635,70249,6542,0.143,794,0,1,54,Two-Wheeler,55914,11032,44882,36,1,0,0,0,
Sarthak Verma,35,Metro,Salaried,30990,49576,4895,0.158,733,0,2,5,Two-Wheeler,155836,31152,124684,36,1,0,1,93642,12.39
Ravi Verma,45,Urban,Salaried,35625,71005,3994,0.112,691,0,1,1,Four-Wheeler,1429724,430127,999597,48,1,1,1,833651,11.19
Priya Khan,30,Rural,Salaried,30974,28845,2270,0.073,768,0,1,45,Four-Wheeler,1242244,494713,747531,48,1,0,1,611876,11.38
Rohan Yadav,30,Rural,Govt,67784,88616,5570,0.082,662,0,2,16,Four-Wheeler,1570543,468888,1101655,36,1,0,1,916706,11.41
Rahul Yadav,32,Rural,Self-Employed,39798,51737,6691,0.168,749,0,0,11,Two-Wheeler,187323,50078,137245,36,0,0,0,0,
Rohan Singh,30,Metro,Salaried,24134,26752,4539,0.188,750,0,0,1,Four-Wheeler,496563,158501,338062,36,0,0,0,0,
Meera Sharma,38,Urban,Salaried,52338,39449,10357,0.198,784,0,0,28,Four-Wheeler,795365,190539,604826,36,1,0,1,472662,11.62
Ravi Jain,21,Metro,Salaried,21687,42641,4281,0.197,886,0,1,69,Two-Wheeler,94602,11167,83435,12,1,0,1,64780,11.88
Ravi Patel,25,Metro,Salaried,43133,76776,983,0.023,744,0,1,114,Two-Wheeler,188659,50691,137968,36,1,0,0,0,
Kabir Kapoor,25,Urban,Self-Employed,10605,13230,1311,0.124,689,1,2,30,Four-Wheeler,750742,290753,459989,36,0,0,0,0,
Kabir Kapoor,39,Metro,Self-Employed,20077,28206,289,0.014,718,0,0,26,Two-Wheeler,191640,29243,162397,48,1,1,1,119576,12.16
Kunal Jain,44,Urban,Salaried,42953,36119,5901,0.137,614,0,0,3,Four-Wheeler,939033,288285,650748,12,0,1,0,0,
Meera Yadav,31,Rural,Salaried,51077,67201,5638,0.11,678,0,1,29,Two-Wheeler,179306,28739,150567,36,1,0,1,111636,12.3
Ritika Verma,31,Metro,Salaried,42571,65664,9448,0.222,695,0,0,17,Four-Wheeler,1663518,433759,1229759,36,1,0,1,978077,11.46
Neha Reddy,32,Urban,Salaried,38265,48702,3357,0.088,689,0,2,34,Two-Wheeler,97865,12625,85240,36,1,0,0,0,
Aaditya Reddy,40,Metro,Salaried,35483,70449,1038,0.029,729,1,0,18,Two-Wheeler,174337,40989,133348,12,0,0,0,0,
Yash Kapoor,26,Metro,Salaried,17822,25254,637,0.036,671,0,2,10,Two-Wheeler,55551,18157,37394,36,0,0,0,0,
Mohit Reddy,34,Metro,Self-Employed,29202,30851,5559,0.19,787,0,2,4,Four-Wheeler,1550723,316768,1233955,36,1,0,1,949514,12.17
Vivek Patel,39,Rural,Self-Employed,33090,54871,5114,0.155,720,0,0,14,Four-Wheeler,765528,229255,536273,36,1,1,0,0,
Rahul Jain,36,Rural,Salaried,55857,42211,1412,0.025,719,0,2,4,Two-Wheeler,68085,23056,45029,36,1,0,0,0,
Ravi Sharma,33,Rural,Salaried,45154,48621,949,0.021,700,0,0,7,Two-Wheeler,61543,23273,38270,36,1,0,1,29674,11.7
Aaditya Jain,39,Rural,Salaried,13554,13831,2375,0.175,729,0,0,157,Four-Wheeler,1440521,245454,1195067,48,1,0,1,868371,12.28
Amit Singh,18,Metro,Salaried,44861,51487,816,0.018,770,0,4,21,Two-Wheeler,100981,22195,78786,24,1,0,1,60372,12.6
Sana Patel,37,Metro,Self-Employed,34224,57245,7032,0.205,668,0,2,27,Four-Wheeler,1488365,216892,1271473,48,1,0,1,954906,12.39
Aaditya Kapoor,27,Urban,Salaried,29846,36599,5270,0.177,681,0,1,74,Two-Wheeler,59803,23786,36017,36,1,1,1,27832,11.93
Aaditya Reddy,19,Urban,Salaried,49175,83156,1000,0.02,702,0,1,195,Two-Wheeler,97294,36787,60507,12,1,0,1,49253,11.43
Kunal Verma,36,Metro,Salaried,55465,75695,1176,0.021,639,0,0,31,Two-Wheeler,130924,34300,96624,12,1,0,1,72236,12.03
Neha Kapoor,42,Metro,Self-Employed,53969,54676,13312,0.247,671,0,0,60,Two-Wheeler,168608,59453,109155,36,1,0,1,84896,11.67
Rahul Patel,31,Urban,Salaried,27412,47011,2565,0.094,691,0,0,14,Four-Wheeler,1789236,458559,1330677,48,1,0,1,962116,12.32
Amit Gupta,39,Urban,Salaried,35362,30321,3277,0.093,772,0,0,13,Two-Wheeler,143884,41306,102578,48,1,0,1,75191,12.2
Sana Patel,43,Metro,Salaried,44969,37620,9138,0.203,736,0,0,19,Two-Wheeler,182897,23180,159717,48,1,0,0,0,
Meera Khan,41,Urban,Self-Employed,54633,68660,12938,0.237,732,0,2,40,Four-Wheeler,1080789,352965,727824,36,1,0,1,549221,12.34
Vivek Patel,43,Urban,Govt,32812,29244,8088,0.246,771,0,0,41,Two-Wheeler,84944,11749,73195,36,1,1,1,53288,12.26
Sarthak Kapoor,37,Urban,Salaried,37215,19115,7009,0.188,712,0,0,14,Two-Wheeler,53660,18664,34996,24,1,0,1,26292,11.98
Ravi Gupta,33,Metro,Self-Employed,23405,34463,2202,0.094,743,0,1,5,Four-Wheeler,1980239,662605,1317634,36,1,0,1,1030985,11.81
Neha Patel,21,Urban,Govt,22057,27938,460,0.021,714,0,3,36,Four-Wheeler,464175,145112,319063,36,1,0,1,242025,12.5
Anjali Sharma,30,Metro,Govt,52188,60970,10139,0.194,736,0,1,5,Two-Wheeler,181205,20086,161119,12,0,0,1,122447,12.08
Meera Jain,26,Metro,Salaried,60344,117698,8424,0.14,685,0,2,31,Four-Wheeler,1325881,253162,1072719,24,0,0,1,840429,12
Priya Verma,47,Urban,Salaried,38920,52807,4128,0.106,574,0,0,43,Four-Wheeler,1101785,197147,904638,36,1,0,1,692494,11.81
Shruti Reddy,31,Urban,Salaried,55053,98828,12474,0.227,712,0,0,43,Two-Wheeler,169817,35329,134488,48,1,0,1,102353,11.87
Rohan Khan,33,Metro,Self-Employed,45425,32214,1263,0.028,805,0,1,50,Two-Wheeler,199690,25219,174471,60,1,0,1,132744,12.07
Suresh Yadav,36,Urban,Salaried,30323,41052,3734,0.123,776,0,1,74,Four-Wheeler,1797477,684996,1112481,60,0,0,0,0,
Yash Khan,32,Urban,Self-Employed,45421,81847,129,0.003,778,0,3,25,Four-Wheeler,1841123,489998,1351125,36,1,1,1,1133724,11.53
Kunal Patel,44,Urban,Salaried,63071,86701,7390,0.117,794,0,0,47,Two-Wheeler,110290,21138,89152,36,1,0,1,69203,11.69
Ritika Yadav,28,Urban,Self-Employed,39463,62234,555,0.014,725,0,0,35,Four-Wheeler,842924,184680,658244,36,1,0,1,513047,11.65
Sana Verma,33,Urban,Self-Employed,63470,67155,1885,0.03,732,0,1,7,Four-Wheeler,1347761,315593,1032168,48,1,0,1,830210,11.55
Priya Kapoor,27,Urban,Salaried,8000,5109,235,0.029,683,0,1,1,Two-Wheeler,181052,50727,130325,24,1,1,0,0,
Kabir Jain,23,Metro,Self-Employed,52329,62107,8493,0.162,701,0,0,12,Two-Wheeler,197613,50333,147280,36,1,0,1,113821,11.73
Ritika Khan,28,Metro,Salaried,41306,45095,7704,0.187,757,0,0,21,Two-Wheeler,165241,62100,103141,48,1,0,0,0,
Sarthak Patel,32,Metro,Self-Employed,35515,63948,5180,0.146,792,0,1,35,Four-Wheeler,1410496,351339,1059157,36,1,0,1,817099,11.94
Neha Gupta,29,Urban,Salaried,41376,35831,9953,0.241,712,0,1,68,Two-Wheeler,113204,45015,68189,36,1,0,1,49798,12.44
Kabir Singh,27,Urban,Salaried,10186,19864,955,0.094,693,0,1,8,Two-Wheeler,160637,57095,103542,36,1,0,0,0,
Meera Jain,22,Metro,Govt,36705,71105,2622,0.071,720,0,2,5,Four-Wheeler,1545320,251197,1294123,24,0,0,1,1007788,12.06
Priya Kapoor,31,Metro,Salaried,45357,39526,9849,0.217,756,0,4,119,Four-Wheeler,1854452,703168,1151284,36,1,0,1,984316,11.54
Kiran Khan,21,Urban,Self-Employed,62168,63541,3475,0.056,633,0,1,4,Two-Wheeler,103193,13922,89271,36,1,0,1,71448,11.6
Sarthak Singh,37,Metro,Salaried,32226,59403,7760,0.241,582,0,0,23,Four-Wheeler,780069,269307,510762,12,1,0,0,0,
Kiran Gupta,33,Urban,Salaried,27873,54350,85,0.003,687,0,1,32,Two-Wheeler,94446,20229,74217,12,1,0,1,52593,12.7
Kunal Khan,22,Metro,Salaried,32474,37837,7874,0.242,647,0,4,28,Four-Wheeler,689563,250582,438981,48,0,0,0,0,
Yash Kapoor,30,Urban,Salaried,53731,52737,580,0.011,690,0,0,3,Two-Wheeler,56314,20297,36017,24,1,0,1,27874,11.71
Suresh Sharma,27,Rural,Salaried,44931,57922,10010,0.223,711,0,1,2,Two-Wheeler,52681,18005,34676,36,0,1,0,0,
Kiran Gupta,34,Metro,Salaried,32054,49096,4229,0.132,693,0,0,4,Four-Wheeler,795570,268114,527456,24,1,1,1,413490,11.59
Neha Reddy,41,Urban,Salaried,47699,43416,11841,0.248,807,0,0,32,Two-Wheeler,114166,21852,92314,60,0,1,1,73233,11.48
Anjali Verma,19,Metro,Salaried,41456,66525,765,0.018,740,0,2,28,Two-Wheeler,107649,13378,94271,24,1,0,1,73823,12
Amit Reddy,33,Urban,Govt,54530,31490,7550,0.138,738,0,1,10,Four-Wheeler,1223708,270310,953398,36,1,0,0,0,
Ritika Yadav,31,Urban,Govt,29469,16913,7141,0.242,757,0,0,37,Four-Wheeler,974773,148221,826552,48,1,0,1,642105,11.68
Rahul Yadav,37,Metro,Salaried,35085,37872,4588,0.131,652,0,2,62,Four-Wheeler,1348721,416061,932660,48,0,0,1,674492,12.72
Shruti Kapoor,33,Urban,Self-Employed,34118,35149,5368,0.157,782,0,0,2,Four-Wheeler,661638,134862,526776,24,0,0,1,395318,11.99
Amit Jain,27,Rural,Salaried,18047,17568,3139,0.174,715,1,2,25,Two-Wheeler,63412,24901,38511,48,1,0,1,24499,15.27
Rohan Yadav,30,Metro,Self-Employed,44442,54954,5050,0.114,760,0,2,42,Two-Wheeler,112637,32923,79714,36,0,0,1,58878,12.54
Yash Patel,26,Metro,Self-Employed,43916,43086,6890,0.157,656,0,3,10,Two-Wheeler,181868,63062,118806,36,1,0,0,0,
Rohan Sharma,40,Rural,Govt,40077,31596,5854,0.146,627,0,1,13,Two-Wheeler,191710,26793,164917,24,1,0,0,0,
Rohan Gupta,32,Urban,Salaried,36481,35175,8219,0.225,769,1,0,34,Four-Wheeler,920304,330025,590279,12,1,1,1,453750,13.28
Sana Jain,45,Rural,Self-Employed,18769,36831,213,0.011,743,0,3,82,Two-Wheeler,142012,53514,88498,48,1,0,0,0,
Sana Singh,32,Urban,Salaried,33690,37621,2366,0.07,666,0,1,60,Two-Wheeler,75055,18472,56583,36,1,0,0,0,
Mohit Patel,27,Rural,Govt,34859,40683,8283,0.238,668,0,4,31,Two-Wheeler,198675,56002,142673,36,1,1,1,108673,12.66
Anjali Verma,21,Metro,Salaried,27966,38168,6224,0.223,788,0,1,47,Four-Wheeler,1126063,370974,755089,48,1,0,1,591349,11.8
Meera Kapoor,19,Urban,Salaried,37581,74223,4281,0.114,649,0,1,16,Two-Wheeler,191410,29181,162229,48,1,0,0,0,
Anjali Reddy,21,Rural,Self-Employed,46061,39723,7141,0.155,819,0,1,37,Two-Wheeler,147447,36975,110472,24,1,0,0,0,
Aaditya Reddy,34,Urban,Self-Employed,68293,103937,4736,0.069,666,0,1,23,Two-Wheeler,141161,30999,110162,36,1,0,1,87631,11.65
Yash Jain,36,Metro,Salaried,42619,67081,2004,0.047,758,0,1,8,Four-Wheeler,1231638,177248,1054390,24,1,1,1,865140,11.35
Rohan Khan,21,Metro,Govt,43863,61890,5085,0.116,700,0,2,44,Two-Wheeler,84600,17788,66812,48,1,0,1,52766,11.92
Mohit Yadav,38,Metro,Salaried,38883,24608,3435,0.088,756,0,0,29,Four-Wheeler,1726213,207925,1518288,36,1,0,1,1253296,11.09
Shruti Singh,29,Metro,Salaried,11218,16999,1637,0.146,687,0,2,16,Four-Wheeler,1089420,117378,972042,60,1,0,1,733590,12.34
Suresh Khan,33,Metro,Salaried,39602,23608,770,0.019,710,0,1,87,Two-Wheeler,77966,10958,67008,12,1,0,0,0,
Suresh Gupta,43,Urban,Salaried,40903,57028,9964,0.244,722,0,2,1,Four-Wheeler,1387432,539620,847812,12,1,1,1,677269,11.81
Kunal Jain,38,Urban,Salaried,76949,123840,18972,0.247,660,1,0,14,Four-Wheeler,1530844,405458,1125386,24,1,0,0,0,
Kiran Sharma,30,Metro,Salaried,37115,30303,6478,0.175,764,0,2,2,Four-Wheeler,667267,260065,407202,24,1,0,1,302679,12.48
Shruti Kapoor,26,Urban,Salaried,44523,78469,5967,0.134,689,0,3,52,Two-Wheeler,195365,44885,150480,24,1,0,1,114890,12.44
Kabir Reddy,18,Metro,Salaried,39479,21537,3055,0.077,706,0,1,44,Two-Wheeler,182568,35335,147233,60,1,0,1,109470,12.28
Shruti Singh,27,Metro,Salaried,22470,39676,4571,0.203,660,1,0,14,Four-Wheeler,1578243,397469,1180774,24,1,1,1,843843,13.92
Kunal Reddy,31,Metro,Self-Employed,57142,68027,9782,0.171,566,0,1,41,Two-Wheeler,199236,46194,153042,24,0,0,0,0,
Amit Singh,25,Urban,Self-Employed,51279,42376,2085,0.041,709,0,2,18,Four-Wheeler,1159409,152693,1006716,48,0,0,1,824402,11.57
Shruti Singh,31,Metro,Salaried,51865,36340,11811,0.228,865,0,0,51,Four-Wheeler,1750673,511630,1239043,36,1,0,1,1001140,11.3
Ravi Reddy,33,Metro,Salaried,26359,50872,5420,0.206,767,0,0,22,Four-Wheeler,1689072,278378,1410694,48,1,0,1,1105294,11.6
Mohit Kapoor,30,Metro,Salaried,61042,37174,14494,0.237,719,0,0,19,Two-Wheeler,154403,44140,110263,12,1,0,1,87142,11.52
Rahul Gupta,27,Rural,Salaried,18972,15152,3442,0.181,704,0,1,98,Two-Wheeler,73084,21564,51520,36,1,1,1,37501,12.47
Kiran Khan,33,Metro,Self-Employed,48803,49864,7484,0.153,721,0,3,10,Four-Wheeler,729346,106198,623148,12,0,0,1,482638,12.31
Anjali Gupta,35,Urban,Salaried,72857,104211,7618,0.105,753,1,0,5,Four-Wheeler,579071,68565,510506,12,1,1,0,0,
Ritika Reddy,24,Urban,Salaried,25142,33117,5863,0.233,649,0,2,32,Two-Wheeler,83573,27932,55641,60,1,0,0,0,
Kiran Singh,42,Urban,Salaried,31506,21691,6822,0.217,787,0,1,125,Four-Wheeler,491339,116909,374430,24,1,0,0,0,
Kabir Singh,31,Rural,Salaried,41495,38781,469,0.011,763,0,2,17,Four-Wheeler,1249871,146796,1103075,36,0,0,1,843900,12.22
Vivek Khan,32,Metro,Self-Employed,32448,27845,214,0.007,763,0,3,2,Two-Wheeler,137013,54594,82419,36,1,0,1,62491,12.5
Neha Reddy,37,Metro,Govt,16740,13732,1575,0.094,746,0,1,15,Two-Wheeler,63723,7477,56246,36,1,1,1,43689,11.88
Anjali Reddy,34,Rural,Salaried,41028,45817,8314,0.203,721,0,0,25,Two-Wheeler,181619,56031,125588,48,1,0,0,0,
Sarthak Patel,39,Urban,Salaried,24065,37446,5940,0.247,760,0,0,6,Two-Wheeler,89840,35496,54344,12,1,0,0,0,
Ritika Singh,34,Urban,Self-Employed,47104,38916,1771,0.038,756,0,4,39,Two-Wheeler,69427,11924,57503,36,1,0,1,44428,12.53
Neha Singh,28,Urban,Govt,26209,27520,3893,0.149,699,0,1,219,Four-Wheeler,905850,129242,776608,60,1,0,0,0,
Rahul Sharma,35,Urban,Salaried,63249,68712,6023,0.095,686,0,0,22,Two-Wheeler,193348,26376,166972,36,0,0,1,133938,11.37
Anjali Singh,24,Rural,Salaried,28251,55504,6850,0.242,726,0,0,16,Two-Wheeler,179319,34247,145072,60,0,0,0,0,
Ritika Sharma,33,Rural,Salaried,35169,67946,7404,0.211,813,0,1,18,Two-Wheeler,171427,22339,149088,12,0,0,0,0,
Aaditya Patel,32,Urban,Salaried,52203,88756,10941,0.21,646,0,0,4,Two-Wheeler,148286,45620,102666,36,1,0,1,77183,11.98
Kunal Reddy,31,Metro,Salaried,21537,18575,2524,0.117,632,0,0,77,Four-Wheeler,1944190,230751,1713439,24,1,0,1,1258465,12.19
Yash Reddy,31,Rural,Salaried,43412,26136,4502,0.104,730,0,0,19,Two-Wheeler,63048,15940,47108,48,1,0,1,35855,11.87
Suresh Kapoor,19,Metro,Salaried,59607,58138,4074,0.068,723,0,3,18,Two-Wheeler,111268,44397,66871,60,1,0,1,53826,11.94
Aaditya Khan,28,Metro,Salaried,15888,14302,224,0.014,730,0,0,39,Four-Wheeler,1422592,489643,932949,24,1,0,1,713427,11.82
Kunal Yadav,33,Rural,Self-Employed,42770,53843,9246,0.216,735,0,1,21,Two-Wheeler,88963,25316,63647,36,1,1,1,51285,11.53
Vivek Patel,33,Metro,Salaried,43898,73160,8921,0.203,707,0,0,38,Two-Wheeler,158513,30415,128098,24,1,0,0,0,
Priya Sharma,25,Metro,Salaried,51727,92461,12928,0.25,809,0,0,2,Two-Wheeler,124381,35718,88663,36,1,0,1,70777,11.42
Rahul Singh,41,Metro,Salaried,21446,37901,5343,0.249,624,0,0,60,Two-Wheeler,62157,16043,46114,36,1,0,1,31592,12.78
Sarthak Singh,26,Rural,Salaried,20193,20991,2804,0.139,670,0,0,102,Two-Wheeler,83027,18916,64111,60,1,0,0,0,
Kunal Yadav,39,Urban,Govt,47829,73219,9195,0.192,714,0,0,38,Two-Wheeler,152489,21228,131261,36,1,0,1,97356,12.1
Amit Khan,35,Urban,Salaried,44455,43088,10500,0.236,621,1,1,111,Two-Wheeler,61420,22479,38941,36,1,0,0,0,
Shruti Yadav,27,Metro,Salaried,43757,25876,9295,0.212,709,0,0,6,Four-Wheeler,892688,209724,682964,24,1,0,1,533478,11.63
Neha Gupta,44,Urban,Self-Employed,45197,70161,2795,0.062,820,0,1,23,Two-Wheeler,124272,19683,104589,24,1,0,1,76743,12.39
Rohan Gupta,24,Urban,Salaried,29800,15339,3357,0.113,721,0,0,33,Two-Wheeler,122088,25679,96409,24,1,0,1,71572,12.09
Shruti Kapoor,38,Metro,Govt,43484,48431,1404,0.032,734,0,1,31,Four-Wheeler,1477492,331311,1146181,24,1,1,1,955976,11.19
Shruti Verma,39,Metro,Salaried,44396,44133,10589,0.239,644,1,0,18,Two-Wheeler,173702,60494,113208,48,1,1,0,0,
Ravi Sharma,27,Metro,Salaried,29285,45101,4438,0.152,683,0,1,15,Four-Wheeler,550241,176124,374117,36,1,0,0,0,
Meera Khan,42,Rural,Salaried,67987,112136,3886,0.057,697,0,2,5,Two-Wheeler,151702,50182,101520,36,1,0,1,81550,11.76
Ravi Gupta,30,Urban,Salaried,47107,45041,7910,0.168,701,0,1,18,Four-Wheeler,1110000,114673,995327,24,1,1,1,833819,11.15
Vivek Gupta,34,Rural,Self-Employed,22130,38007,3420,0.155,797,0,0,6,Two-Wheeler,90054,20248,69806,48,1,0,1,51531,12.14
Vivek Singh,34,Metro,Self-Employed,49848,46901,4463,0.09,753,0,1,48,Two-Wheeler,181794,44431,137363,48,1,1,1,113616,11.27
Shruti Gupta,31,Urban,Salaried,25380,29682,721,0.028,653,0,1,8,Two-Wheeler,169614,17938,151676,12,1,0,1,117297,11.92
Ravi Gupta,38,Urban,Salaried,51806,82399,8698,0.168,735,0,1,2,Four-Wheeler,1740984,309798,1431186,48,1,1,1,1240540,10.8
Kunal Verma,38,Urban,Self-Employed,57379,88328,7464,0.13,750,0,1,29,Two-Wheeler,177587,58264,119323,36,1,0,1,90241,12.12
Ravi Kapoor,20,Rural,Govt,27690,54855,5346,0.193,788,0,1,33,Two-Wheeler,180094,25417,154677,12,0,1,1,114610,12.31
Meera Jain,41,Metro,Salaried,54451,45616,7081,0.13,815,0,2,74,Two-Wheeler,156254,40719,115535,36,1,0,1,90604,11.99
Ritika Verma,20,Metro,Salaried,46192,68987,9841,0.213,659,0,2,31,Four-Wheeler,1388556,228502,1160054,36,1,0,1,910438,11.98
Kiran Yadav,39,Urban,Salaried,52331,74023,7220,0.138,671,0,4,15,Two-Wheeler,154621,16024,138597,24,1,1,1,111078,12.18
Anjali Singh,40,Urban,Self-Employed,68452,128186,9599,0.14,645,0,0,58,Four-Wheeler,1312976,226305,1086671,60,1,0,1,850373,11.61
Shruti Singh,24,Urban,Salaried,36319,26678,7960,0.219,706,0,1,28,Two-Wheeler,142792,56083,86709,48,1,0,0,0,
Yash Yadav,29,Metro,Salaried,28694,46705,2894,0.101,748,0,1,3,Two-Wheeler,162907,55464,107443,36,1,0,1,75052,12.82
Kabir Jain,24,Urban,Self-Employed,26657,36051,893,0.033,779,0,1,30,Two-Wheeler,73791,28622,45169,36,1,0,1,35841,11.68
Kabir Jain,30,Metro,Salaried,27763,25320,200,0.007,715,0,1,86,Two-Wheeler,182131,44869,137262,36,1,1,0,0,
Suresh Patel,30,Metro,Salaried,38843,47064,7333,0.189,701,0,0,18,Two-Wheeler,180777,24029,156748,36,1,0,1,116817,12.06
Kiran Yadav,37,Urban,Salaried,45117,45147,6997,0.155,729,0,1,13,Two-Wheeler,54387,14379,40008,36,1,0,0,0,
Shruti Singh,41,Urban,Salaried,44150,60440,7771,0.176,670,0,0,6,Four-Wheeler,1030183,243446,786737,12,1,0,1,625910,11.45
Vivek Khan,42,Metro,Salaried,52408,96090,2790,0.053,845,0,0,6,Two-Wheeler,69330,24495,44835,36,1,0,1,32776,12.23
Mohit Kapoor,28,Metro,Salaried,40195,54422,1370,0.034,624,0,1,20,Two-Wheeler,100268,12977,87291,48,1,0,1,64822,12.29
Mohit Kapoor,31,Metro,Salaried,61803,89465,225,0.004,731,0,1,33,Two-Wheeler,161526,39812,121714,36,0,0,1,93698,11.96
Kunal Kapoor,20,Metro,Salaried,36030,46051,3158,0.088,841,0,1,3,Two-Wheeler,74114,10748,63366,12,1,0,0,0,
Aaditya Verma,26,Urban,Self-Employed,80803,46603,11917,0.147,720,0,0,101,Two-Wheeler,172695,34090,138605,48,1,1,1,121085,10.52
Sarthak Reddy,39,Rural,Self-Employed,49385,41942,4843,0.098,709,0,1,51,Two-Wheeler,174820,56153,118667,24,1,0,0,0,
Kiran Jain,43,Metro,Salaried,27143,33603,2969,0.109,699,0,1,32,Two-Wheeler,126120,30623,95497,24,1,0,0,0,
Rahul Kapoor,23,Urban,Salaried,23937,23108,5411,0.226,709,0,1,63,Four-Wheeler,1793206,381534,1411672,24,0,1,1,1090353,11.93
Ritika Reddy,28,Rural,Salaried,47237,36497,4113,0.087,802,0,0,3,Four-Wheeler,1651817,360662,1291155,36,1,0,1,1103297,10.75
Neha Kapoor,32,Rural,Salaried,36648,46037,4709,0.128,587,0,0,23,Two-Wheeler,142539,33901,108638,48,0,1,1,76672,12.53
Shruti Sharma,34,Metro,Salaried,50710,49910,9935,0.196,812,0,0,36,Two-Wheeler,197178,66154,131024,36,1,0,0,0,
Kiran Verma,26,Rural,Self-Employed,47099,41784,4669,0.099,635,1,1,64,Four-Wheeler,1805625,663794,1141831,24,1,1,1,877021,13.48
Rohan Yadav,35,Metro,Salaried,38908,46533,6051,0.156,704,0,3,55,Two-Wheeler,88971,34396,54575,48,1,0,1,41268,12.53
Yash Patel,29,Metro,Salaried,27298,19107,5885,0.216,694,0,1,12,Two-Wheeler,145101,48764,96337,48,0,1,0,0,
Meera Kapoor,32,Metro,Salaried,17277,32681,4101,0.237,755,0,0,102,Two-Wheeler,130998,25495,105503,48,1,0,1,74696,12.5
Yash Kapoor,36,Urban,Self-Employed,33302,59995,1224,0.037,624,0,0,5,Four-Wheeler,1692554,518667,1173887,24,1,0,0,0,
Anjali Patel,32,Metro,Salaried,52846,82515,12242,0.232,748,0,3,75,Four-Wheeler,1619656,374596,1245060,36,1,0,1,1026574,11.71
Aaditya Jain,29,Metro,Salaried,43211,28490,5316,0.123,841,0,1,127,Two-Wheeler,164154,28957,135197,60,1,0,1,103805,11.99
Amit Kapoor,31,Metro,Salaried,21314,35463,1376,0.065,638,0,0,7,Two-Wheeler,131190,46213,84977,48,0,0,0,0,
Kunal Khan,31,Rural,Self-Employed,42598,72925,4890,0.115,731,0,1,46,Two-Wheeler,194449,21686,172763,12,1,0,1,134018,11.89
Sana Kapoor,29,Rural,Self-Employed,45780,75612,11216,0.245,680,0,0,1,Four-Wheeler,592334,219477,372857,12,1,0,1,269438,12.33
Ravi Sharma,30,Metro,Salaried,26742,17943,3293,0.123,746,0,0,19,Two-Wheeler,144893,34549,110344,36,1,0,0,0,
Priya Jain,43,Rural,Salaried,42306,62015,3477,0.082,721,0,3,26,Two-Wheeler,189804,55263,134541,60,1,0,1,93179,13.29
Sarthak Patel,36,Rural,Salaried,40873,71589,6472,0.158,682,0,0,31,Four-Wheeler,919337,273784,645553,36,0,0,1,490355,11.88
Ritika Khan,30,Urban,Salaried,22855,31221,1372,0.06,749,0,1,99,Two-Wheeler,190584,70237,120347,36,1,0,1,90234,12.2
Sarthak Jain,37,Metro,Self-Employed,45367,66672,860,0.019,828,0,0,40,Four-Wheeler,1033876,300859,733017,24,1,0,1,594880,11.26
Ritika Yadav,30,Urban,Self-Employed,48412,57491,1560,0.032,709,0,2,24,Two-Wheeler,60176,17101,43075,36,0,0,1,33604,12.04
Ritika Verma,40,Rural,Self-Employed,56246,72730,1801,0.032,763,0,0,60,Two-Wheeler,95145,11417,83728,48,1,0,1,67693,11.3
Rahul Sharma,35,Urban,Self-Employed,55807,30781,2119,0.038,642,0,0,108,Two-Wheeler,156226,39919,116307,36,1,0,1,93992,11.3
Rahul Jain,31,Metro,Salaried,19335,28199,671,0.035,663,0,0,1,Four-Wheeler,780071,113150,666921,48,1,0,1,471323,12.52
Anjali Patel,35,Urban,Salaried,25933,16135,4155,0.16,748,0,2,146,Four-Wheeler,997203,320332,676871,60,1,1,1,531204,11.98
Kabir Sharma,21,Urban,Self-Employed,47726,55005,2170,0.045,809,0,1,3,Four-Wheeler,763631,193708,569923,24,1,0,1,436794,12
Anjali Reddy,24,Urban,Salaried,47707,44796,4123,0.086,741,0,1,61,Two-Wheeler,143137,43523,99614,36,0,0,1,73927,12.29
Ravi Yadav,24,Metro,Self-Employed,47726,62910,10700,0.224,701,0,3,12,Four-Wheeler,1365518,153623,1211895,24,1,0,0,0,
Suresh Patel,33,Metro,Salaried,97791,68466,11587,0.118,720,0,1,5,Two-Wheeler,180731,22670,158061,48,1,0,1,133708,11.05
Rahul Gupta,44,Rural,Salaried,48563,74664,8105,0.167,645,0,0,21,Two-Wheeler,196023,61727,134296,36,0,0,1,97141,12.32
Aaditya Sharma,48,Rural,Govt,57033,96529,2457,0.043,756,0,0,37,Four-Wheeler,1141590,138846,1002744,36,1,0,1,835294,11
Kiran Jain,36,Metro,Salaried,54310,40463,2611,0.048,773,0,0,17,Two-Wheeler,162448,19717,142731,48,1,0,1,115591,11.28
Neha Jain,36,Rural,Govt,49771,32673,509,0.01,693,0,1,2,Two-Wheeler,69513,7204,62309,36,1,0,1,51413,11.3
Rohan Jain,19,Metro,Govt,35271,25334,1490,0.042,692,0,2,33,Two-Wheeler,163739,63359,100380,60,0,0,1,72153,12.77
Rohan Gupta,28,Urban,Self-Employed,51385,93299,3579,0.07,736,0,0,84,Two-Wheeler,53688,17247,36441,36,1,0,0,0,
Ravi Jain,26,Urban,Self-Employed,28408,36711,1257,0.044,694,0,0,17,Two-Wheeler,53319,10982,42337,24,1,0,0,0,
Shruti Verma,28,Rural,Salaried,36448,43770,808,0.022,716,0,1,9,Two-Wheeler,98542,18621,79921,36,1,0,1,59021,12.34
Vivek Gupta,31,Rural,Self-Employed,32720,21597,987,0.03,846,0,1,21,Two-Wheeler,123296,25265,98031,48,1,1,1,82614,11.09
Kabir Yadav,29,Metro,Salaried,41228,60784,4749,0.115,705,0,0,2,Four-Wheeler,1038116,345066,693050,36,1,0,0,0,
Mohit Yadav,18,Rural,Salaried,74720,134645,3854,0.052,698,0,1,62,Four-Wheeler,1328276,396372,931904,48,1,0,1,761945,11.39
Shruti Kapoor,37,Metro,Salaried,11991,20892,1092,0.091,681,0,0,63,Two-Wheeler,116885,18182,98703,60,1,1,1,71734,12.28
Priya Kapoor,24,Urban,Salaried,50294,72377,6330,0.126,765,0,1,32,Two-Wheeler,91044,13860,77184,24,1,0,1,61270,11.67
Kabir Khan,34,Urban,Salaried,15809,9690,2729,0.173,709,0,1,16,Two-Wheeler,199569,25848,173721,60,0,0,0,0,
Aaditya Gupta,47,Urban,Salaried,32921,22011,324,0.01,681,0,0,58,Two-Wheeler,113927,33961,79966,24,1,0,0,0,
Mohit Kapoor,26,Metro,Salaried,56334,32334,11258,0.2,799,0,1,29,Two-Wheeler,117708,38763,78945,24,1,1,1,67148,10.99
Aaditya Sharma,18,Rural,Self-Employed,40964,36303,6430,0.157,805,0,1,63,Four-Wheeler,1928838,346253,1582585,24,1,0,0,0,
Ravi Reddy,30,Metro,Salaried,23834,16767,487,0.02,684,0,0,36,Two-Wheeler,169221,17985,151236,48,1,0,0,0,
Ritika Kapoor,40,Metro,Govt,29270,26052,6392,0.218,608,0,1,55,Two-Wheeler,154052,19203,134849,36,1,0,0,0,
Mohit Yadav,46,Urban,Self-Employed,50194,54088,11556,0.23,780,0,2,33,Two-Wheeler,83115,32445,50670,24,1,1,1,38128,12.37
Anjali Yadav,23,Urban,Self-Employed,29045,55606,444,0.015,679,0,1,19,Two-Wheeler,62357,11763,50594,36,1,0,1,38106,12.16
Kunal Khan,35,Rural,Salaried,43247,61219,2994,0.069,767,0,0,114,Four-Wheeler,1836849,607569,1229280,36,1,0,1,971953,11.51
Kabir Kapoor,29,Metro,Self-Employed,40684,71297,8200,0.202,602,0,2,28,Four-Wheeler,789572,226922,562650,12,1,1,1,441806,11.98
Sarthak Patel,31,Metro,Salaried,30226,47320,5654,0.187,774,0,0,33,Two-Wheeler,90989,19525,71464,48,1,0,0,0,
Aaditya Patel,51,Rural,Self-Employed,72159,48257,3329,0.046,647,0,0,9,Four-Wheeler,496428,80275,416153,48,1,0,1,339073,11.22
Vivek Verma,21,Urban,Salaried,49509,79407,2591,0.052,764,0,0,35,Two-Wheeler,72659,9912,62747,36,1,0,1,50777,11.29
Neha Kapoor,34,Metro,Self-Employed,9623,8782,891,0.093,721,0,3,31,Four-Wheeler,962596,273862,688734,60,1,0,0,0,
Anjali Gupta,35,Urban,Govt,42797,62426,5184,0.121,663,0,2,7,Four-Wheeler,562273,186894,375379,36,1,1,1,296064,11.94
Rohan Sharma,40,Urban,Salaried,30073,30417,4648,0.155,696,0,4,2,Two-Wheeler,112959,33116,79843,60,1,0,1,58087,13.07
Rahul Kapoor,33,Urban,Salaried,52787,105390,4868,0.092,761,0,0,33,Two-Wheeler,145779,37770,108009,36,1,1,1,85714,11.48
Priya Verma,34,Urban,Self-Employed,28112,25169,3251,0.116,726,0,1,52,Two-Wheeler,109639,12344,97295,36,1,0,1,75659,11.87
Yash Verma,29,Rural,Salaried,38279,35167,7153,0.187,755,0,2,27,Two-Wheeler,91132,35591,55541,24,1,0,1,40813,12.58
Kabir Yadav,34,Rural,Self-Employed,47575,90203,436,0.009,839,0,1,9,Four-Wheeler,1684841,572196,1112645,48,1,1,1,933302,11.13
Rohan Patel,30,Urban,Salaried,52986,28452,3344,0.063,626,0,0,40,Two-Wheeler,111400,20926,90474,36,1,0,1,70008,11.71
Rohan Kapoor,36,Metro,Salaried,21996,33985,3923,0.178,817,0,0,3,Two-Wheeler,184115,72540,111575,24,0,0,0,0,
Priya Gupta,29,Rural,Govt,34982,55551,7829,0.224,726,0,1,21,Four-Wheeler,1376534,386207,990327,12,1,0,0,0,
Rahul Verma,35,Urban,Self-Employed,32876,57683,4205,0.128,666,0,0,6,Four-Wheeler,1545841,424684,1121157,36,0,1,0,0,
Neha Yadav,32,Urban,Self-Employed,30200,59242,4017,0.133,640,0,2,7,Two-Wheeler,54670,17736,36934,36,1,0,1,26240,12.87
Sarthak Jain,40,Metro,Salaried,66482,130531,1781,0.027,709,0,1,8,Two-Wheeler,147750,50757,96993,48,1,0,1,77027,11.67
Kiran Reddy,32,Rural,Self-Employed,46075,27549,5154,0.112,775,0,0,18,Two-Wheeler,105279,31262,74017,48,0,0,0,0,
Sana Khan,20,Urban,Salaried,21087,36539,2808,0.133,712,1,0,2,Two-Wheeler,179654,24869,154785,12,1,0,1,104914,14.37
Sarthak Gupta,41,Metro,Salaried,53768,79010,3259,0.061,811,0,0,18,Four-Wheeler,1489789,300163,1189626,48,1,0,0,0,
Sana Gupta,26,Metro,Self-Employed,71832,105666,4835,0.067,633,0,1,26,Two-Wheeler,195229,73880,121349,24,1,0,0,0,
Neha Sharma,27,Rural,Salaried,55487,38426,5234,0.094,719,0,2,24,Two-Wheeler,77829,13027,64802,48,1,0,1,49951,12.15
Kunal Sharma,28,Metro,Salaried,17209,25388,86,0.005,645,0,0,17,Two-Wheeler,180293,38159,142134,48,1,0,0,0,
Aaditya Jain,42,Rural,Salaried,32736,64612,2636,0.081,742,0,1,66,Two-Wheeler,166490,38230,128260,36,1,0,1,100921,11.76
Amit Khan,18,Urban,Self-Employed,59004,110203,3119,0.053,773,0,2,6,Four-Wheeler,1307700,303153,1004547,48,1,1,1,858723,11.14
Rahul Yadav,54,Urban,Salaried,29385,34048,2406,0.082,695,0,3,25,Four-Wheeler,810500,230086,580414,36,1,0,0,0,
Shruti Gupta,39,Metro,Self-Employed,46657,26124,1397,0.03,564,0,0,2,Two-Wheeler,164154,62858,101296,36,0,1,1,72524,12.41
Yash Yadav,34,Metro,Salaried,51620,53862,11492,0.223,732,0,0,3,Two-Wheeler,143933,24786,119147,48,1,0,0,0,
Kiran Singh,32,Rural,Salaried,26096,45396,3873,0.148,746,0,1,31,Two-Wheeler,69687,9509,60178,36,1,0,1,45428,12.14
Mohit Verma,34,Metro,Self-Employed,39107,60704,6639,0.17,744,0,1,30,Four-Wheeler,1280362,203886,1076476,36,1,1,1,885146,11.33
Vivek Kapoor,36,Urban,Salaried,8000,9512,1578,0.197,794,0,2,76,Four-Wheeler,469460,171859,297601,36,1,0,1,221632,12.46
Amit Kapoor,37,Metro,Salaried,24634,14353,3070,0.125,656,0,1,29,Two-Wheeler,142498,41858,100640,48,1,0,0,0,
Vivek Yadav,36,Metro,Salaried,36211,41293,787,0.022,761,0,0,116,Four-Wheeler,1922245,357099,1565146,36,1,1,1,1367674,10.51
Kiran Singh,33,Metro,Salaried,21283,25615,2858,0.134,792,0,0,2,Four-Wheeler,1362579,469796,892783,24,1,0,1,681731,11.84
Yash Sharma,31,Urban,Self-Employed,64486,122061,9461,0.147,613,0,0,4,Two-Wheeler,67596,24227,43369,48,1,0,0,0,
Kabir Gupta,31,Rural,Salaried,18548,27110,3457,0.186,739,0,1,2,Four-Wheeler,1814730,642331,1172399,48,1,0,1,898544,12
Priya Verma,31,Metro,Self-Employed,33399,32313,3604,0.108,690,0,0,7,Two-Wheeler,152835,57417,95418,24,0,0,0,0,
Vivek Gupta,40,Metro,Salaried,41961,54045,1338,0.032,715,0,2,28,Two-Wheeler,114546,20123,94423,24,1,0,1,73612,12.04
Priya Reddy,36,Metro,Salaried,61619,36915,4371,0.071,741,0,1,37,Two-Wheeler,80079,26147,53932,24,1,0,1,43189,11.59
Ritika Patel,18,Urban,Govt,18462,36164,1676,0.091,691,0,1,2,Two-Wheeler,123739,29470,94269,36,1,0,0,0,
Suresh Yadav,37,Metro,Salaried,57447,59750,9277,0.161,679,0,0,105,Two-Wheeler,59631,21026,38605,36,1,0,1,29526,11.82
Sarthak Verma,33,Rural,Salaried,40153,48858,5730,0.143,722,0,0,66,Four-Wheeler,1840037,586139,1253898,48,0,0,1,966065,11.75
Kabir Singh,32,Urban,Salaried,25277,26109,2250,0.089,655,0,2,13,Two-Wheeler,90349,30080,60269,36,1,0,0,0,
Ritika Verma,29,Urban,Salaried,46932,71513,11575,0.247,655,0,4,3,Four-Wheeler,778993,231243,547750,36,1,0,1,429174,12.4
Aaditya Jain,40,Metro,Salaried,42986,64193,6510,0.151,761,0,2,7,Two-Wheeler,96554,14795,81759,36,1,0,0,0,
Sarthak Gupta,39,Rural,Salaried,30997,48758,1838,0.059,651,0,0,5,Two-Wheeler,118283,31169,87114,48,1,0,1,64258,12.15
Shruti Kapoor,27,Metro,Salaried,41047,37033,1044,0.025,760,0,0,5,Two-Wheeler,51743,20459,31284,36,1,0,1,24942,11.43
Rohan Verma,35,Metro,Salaried,34220,33313,1308,0.038,748,0,2,26,Two-Wheeler,60867,23203,37664,60,1,0,1,29105,12.13
Meera Singh,25,Urban,Salaried,41703,28687,2564,0.061,616,0,1,10,Four-Wheeler,1468080,165823,1302257,36,0,0,0,0,
Sana Khan,22,Urban,Salaried,49932,74062,2006,0.04,679,0,0,16,Two-Wheeler,121991,18231,103760,24,1,1,1,81376,11.59
Suresh Gupta,28,Metro,Salaried,63790,35703,2975,0.047,792,0,1,164,Two-Wheeler,140003,19533,120470,36,0,0,0,0,
Vivek Patel,38,Metro,Self-Employed,21433,29932,1528,0.071,661,0,0,42,Two-Wheeler,93749,29793,63956,36,1,0,0,0,
Suresh Sharma,39,Urban,Govt,71996,129920,3121,0.043,692,0,2,107,Four-Wheeler,1338574,462257,876317,36,1,0,1,730370,11.4
Mohit Reddy,36,Metro,Salaried,10719,19683,2403,0.224,748,0,1,6,Four-Wheeler,668823,109723,559100,12,1,0,1,399370,12.63
Kunal Kapoor,37,Rural,Self-Employed,37723,44270,757,0.02,767,0,0,17,Four-Wheeler,1578998,397522,1181476,24,1,1,1,1031655,10.52
Kiran Sharma,36,Urban,Salaried,48825,58051,6402,0.131,705,0,0,29,Two-Wheeler,55943,19704,36239,48,1,1,1,28469,11.57
Kabir Yadav,28,Metro,Salaried,44215,27212,4536,0.103,684,0,1,3,Two-Wheeler,122076,39045,83031,24,1,0,0,0,
Kiran Gupta,35,Urban,Salaried,30660,46178,7530,0.246,805,0,3,1,Two-Wheeler,65740,17268,48472,48,1,0,1,36122,12.66
Sarthak Reddy,38,Metro,Salaried,36878,63869,1033,0.028,824,0,2,40,Two-Wheeler,86307,23916,62391,24,1,1,1,48636,12.05
Kiran Patel,37,Urban,Salaried,32605,28268,3243,0.099,779,0,0,37,Two-Wheeler,197999,49996,148003,36,1,1,1,118166,11.42
Suresh Verma,40,Urban,Salaried,31160,35272,7552,0.242,725,0,0,19,Two-Wheeler,71374,13509,57865,36,1,0,1,42719,12.14
Yash Jain,37,Metro,Salaried,52744,92738,11413,0.216,672,0,1,24,Two-Wheeler,124833,33643,91190,36,1,0,1,70710,11.89
Rahul Khan,34,Urban,Govt,45355,82350,9265,0.204,670,0,0,19,Two-Wheeler,142723,43768,98955,36,1,0,1,71593,12.32
Anjali Khan,39,Rural,Salaried,29606,25602,1909,0.064,751,1,1,1,Four-Wheeler,1025450,371210,654240,24,1,1,1,475725,13.97
Amit Verma,32,Metro,Salaried,53494,70925,2285,0.043,745,0,1,15,Two-Wheeler,133947,38963,94984,12,1,0,1,71337,12.19
Vivek Singh,26,Rural,Self-Employed,44609,35185,7457,0.167,804,0,2,7,Two-Wheeler,51466,16898,34568,36,0,0,0,0,
Ravi Khan,31,Metro,Salaried,52193,34073,12127,0.232,759,0,0,4,Four-Wheeler,1980457,293150,1687307,36,1,0,1,1395591,11.07
Meera Sharma,27,Metro,Salaried,49444,92296,6882,0.139,630,0,0,113,Two-Wheeler,127657,30442,97215,60,1,0,1,73754,11.9
